id,name,version,type,issuesCritical,issuesHigh,issuesMedium,issuesLow,dependenciesWithIssues,licenses,projects,license urls,latestVersion,latestVersionPublishedDate,firstPublishedDate,isDeprecated,copyright
cloud.google.com/go@v0.26.0,cloud.google.com/go,v0.26.0,golang,0,0,0,0,,Apache-2.0,jradman12/XML-BSEP:XML/common/go.mod,https://app.snyk.io/vuln/snyk:lic:Apache-2.0,,,,,[]
cloud.google.com/go@v0.34.0,cloud.google.com/go,v0.34.0,golang,0,0,0,0,,Apache-2.0,jradman12/XML-BSEP:XML/common/go.mod,https://app.snyk.io/vuln/snyk:lic:Apache-2.0,,,,,[]
cloud.google.com/go@v0.38.0,cloud.google.com/go,v0.38.0,golang,0,0,0,0,,Apache-2.0,jradman12/XML-BSEP:XML/common/go.mod,https://app.snyk.io/vuln/snyk:lic:Apache-2.0,,,,,[]
cloud.google.com/go@v0.44.1,cloud.google.com/go,v0.44.1,golang,0,0,0,0,"golang.org/x/crypto@v0.0.0-20190308221718-c2843e01d9a2, golang.org/x/text@v0.3.2",Apache-2.0,jradman12/XML-BSEP:XML/common/go.mod,https://app.snyk.io/vuln/snyk:lic:Apache-2.0,,,,,[]
cloud.google.com/go@v0.44.2,cloud.google.com/go,v0.44.2,golang,0,0,0,0,"golang.org/x/crypto@v0.0.0-20190308221718-c2843e01d9a2, golang.org/x/text@v0.3.2",Apache-2.0,jradman12/XML-BSEP:XML/common/go.mod,https://app.snyk.io/vuln/snyk:lic:Apache-2.0,,,,,[]
cloud.google.com/go@v0.45.1,cloud.google.com/go,v0.45.1,golang,0,0,0,0,golang.org/x/text@v0.3.2,Apache-2.0,jradman12/XML-BSEP:XML/common/go.mod,https://app.snyk.io/vuln/snyk:lic:Apache-2.0,,,,,[]
cloud.google.com/go@v0.46.3,cloud.google.com/go,v0.46.3,golang,0,0,0,0,"golang.org/x/crypto@v0.0.0-20190308221718-c2843e01d9a2, golang.org/x/text@v0.3.2",Apache-2.0,jradman12/XML-BSEP:XML/common/go.mod,https://app.snyk.io/vuln/snyk:lic:Apache-2.0,,,,,[]
cloud.google.com/go@v0.50.0,cloud.google.com/go,v0.50.0,golang,0,0,0,0,"golang.org/x/crypto@v0.0.0-20190308221718-c2843e01d9a2, golang.org/x/text@v0.3.2",Apache-2.0,jradman12/XML-BSEP:XML/common/go.mod,https://app.snyk.io/vuln/snyk:lic:Apache-2.0,,,,,[]
cloud.google.com/go@v0.52.0,cloud.google.com/go,v0.52.0,golang,0,0,0,0,"golang.org/x/crypto@v0.0.0-20190308221718-c2843e01d9a2, golang.org/x/text@v0.3.2",Apache-2.0,jradman12/XML-BSEP:XML/common/go.mod,https://app.snyk.io/vuln/snyk:lic:Apache-2.0,,,,,[]
cloud.google.com/go@v0.53.0,cloud.google.com/go,v0.53.0,golang,0,0,0,0,golang.org/x/text@v0.3.2,Apache-2.0,jradman12/XML-BSEP:XML/common/go.mod,https://app.snyk.io/vuln/snyk:lic:Apache-2.0,,,,,[]
cloud.google.com/go@v0.54.0,cloud.google.com/go,v0.54.0,golang,0,0,0,0,"golang.org/x/crypto@v0.0.0-20190308221718-c2843e01d9a2, golang.org/x/text@v0.3.2",Apache-2.0,jradman12/XML-BSEP:XML/common/go.mod,https://app.snyk.io/vuln/snyk:lic:Apache-2.0,,,,,[]
cloud.google.com/go@v0.56.0,cloud.google.com/go,v0.56.0,golang,0,0,0,0,"golang.org/x/crypto@v0.0.0-20190308221718-c2843e01d9a2, golang.org/x/text@v0.3.2",Apache-2.0,jradman12/XML-BSEP:XML/common/go.mod,https://app.snyk.io/vuln/snyk:lic:Apache-2.0,,,,,[]
cloud.google.com/go@v0.57.0,cloud.google.com/go,v0.57.0,golang,0,0,0,0,"golang.org/x/net@v0.0.0-20200501053045-e0ff5e5a1de5, golang.org/x/text@v0.3.2",Apache-2.0,jradman12/XML-BSEP:XML/common/go.mod,https://app.snyk.io/vuln/snyk:lic:Apache-2.0,,,,,[]
cloud.google.com/go@v0.62.0,cloud.google.com/go,v0.62.0,golang,0,0,0,0,,Apache-2.0,jradman12/XML-BSEP:XML/common/go.mod,https://app.snyk.io/vuln/snyk:lic:Apache-2.0,,,,,[]
cloud.google.com/go@v0.65.0,cloud.google.com/go,v0.65.0,golang,0,0,0,0,"golang.org/x/crypto@v0.0.0-20190308221718-c2843e01d9a2, golang.org/x/net@v0.0.0-20200501053045-e0ff5e5a1de5, golang.org/x/text@v0.3.2, gopkg.in/yaml.v2@v2.2.2",Apache-2.0,jradman12/XML-BSEP:XML/common/go.mod,https://app.snyk.io/vuln/snyk:lic:Apache-2.0,,,,,[]
cloud.google.com/go/bigquery@v1.0.1,cloud.google.com/go/bigquery,v1.0.1,golang,0,0,0,0,"golang.org/x/crypto@v0.0.0-20190308221718-c2843e01d9a2, golang.org/x/text@v0.3.2",Apache-2.0,jradman12/XML-BSEP:XML/common/go.mod,https://app.snyk.io/vuln/snyk:lic:Apache-2.0,,,,,[]
cloud.google.com/go/bigquery@v1.3.0,cloud.google.com/go/bigquery,v1.3.0,golang,0,0,0,0,"golang.org/x/crypto@v0.0.0-20190308221718-c2843e01d9a2, golang.org/x/text@v0.3.2",Apache-2.0,jradman12/XML-BSEP:XML/common/go.mod,https://app.snyk.io/vuln/snyk:lic:Apache-2.0,,,,,[]
cloud.google.com/go/bigquery@v1.4.0,cloud.google.com/go/bigquery,v1.4.0,golang,0,0,0,0,"golang.org/x/crypto@v0.0.0-20190308221718-c2843e01d9a2, golang.org/x/text@v0.3.2, gopkg.in/yaml.v2@v2.2.2",Apache-2.0,jradman12/XML-BSEP:XML/common/go.mod,https://app.snyk.io/vuln/snyk:lic:Apache-2.0,,,,,[]
cloud.google.com/go/bigquery@v1.5.0,cloud.google.com/go/bigquery,v1.5.0,golang,0,0,0,0,"golang.org/x/crypto@v0.0.0-20190308221718-c2843e01d9a2, golang.org/x/text@v0.3.2, gopkg.in/yaml.v2@v2.2.2",Apache-2.0,jradman12/XML-BSEP:XML/common/go.mod,https://app.snyk.io/vuln/snyk:lic:Apache-2.0,,,,,[]
cloud.google.com/go/bigquery@v1.7.0,cloud.google.com/go/bigquery,v1.7.0,golang,0,0,0,0,"golang.org/x/crypto@v0.0.0-20190308221718-c2843e01d9a2, golang.org/x/net@v0.0.0-20200501053045-e0ff5e5a1de5, golang.org/x/text@v0.3.2, gopkg.in/yaml.v2@v2.2.2",Apache-2.0,jradman12/XML-BSEP:XML/common/go.mod,https://app.snyk.io/vuln/snyk:lic:Apache-2.0,,,,,[]
cloud.google.com/go/bigquery@v1.8.0,cloud.google.com/go/bigquery,v1.8.0,golang,0,0,0,0,"golang.org/x/crypto@v0.0.0-20190308221718-c2843e01d9a2, golang.org/x/net@v0.0.0-20200501053045-e0ff5e5a1de5, golang.org/x/text@v0.3.2, gopkg.in/yaml.v2@v2.2.2",Apache-2.0,jradman12/XML-BSEP:XML/common/go.mod,https://app.snyk.io/vuln/snyk:lic:Apache-2.0,,,,,[]
cloud.google.com/go/datastore@v1.0.0,cloud.google.com/go/datastore,v1.0.0,golang,0,0,0,0,"golang.org/x/crypto@v0.0.0-20190308221718-c2843e01d9a2, golang.org/x/text@v0.3.2",Apache-2.0,jradman12/XML-BSEP:XML/common/go.mod,https://app.snyk.io/vuln/snyk:lic:Apache-2.0,,,,,[]
cloud.google.com/go/datastore@v1.1.0,cloud.google.com/go/datastore,v1.1.0,golang,0,0,0,0,"golang.org/x/crypto@v0.0.0-20190308221718-c2843e01d9a2, golang.org/x/text@v0.3.2, gopkg.in/yaml.v2@v2.2.2",Apache-2.0,jradman12/XML-BSEP:XML/common/go.mod,https://app.snyk.io/vuln/snyk:lic:Apache-2.0,,,,,[]
cloud.google.com/go/pubsub@v1.0.1,cloud.google.com/go/pubsub,v1.0.1,golang,0,0,0,0,golang.org/x/text@v0.3.2,Apache-2.0,jradman12/XML-BSEP:XML/common/go.mod,https://app.snyk.io/vuln/snyk:lic:Apache-2.0,,,,,[]
cloud.google.com/go/pubsub@v1.1.0,cloud.google.com/go/pubsub,v1.1.0,golang,0,0,0,0,golang.org/x/text@v0.3.2,Apache-2.0,jradman12/XML-BSEP:XML/common/go.mod,https://app.snyk.io/vuln/snyk:lic:Apache-2.0,,,,,[]
cloud.google.com/go/pubsub@v1.2.0,cloud.google.com/go/pubsub,v1.2.0,golang,0,0,0,0,"golang.org/x/crypto@v0.0.0-20190308221718-c2843e01d9a2, golang.org/x/text@v0.3.2, gopkg.in/yaml.v2@v2.2.2",Apache-2.0,jradman12/XML-BSEP:XML/common/go.mod,https://app.snyk.io/vuln/snyk:lic:Apache-2.0,,,,,[]
cloud.google.com/go/pubsub@v1.3.1,cloud.google.com/go/pubsub,v1.3.1,golang,0,0,0,0,"golang.org/x/crypto@v0.0.0-20190308221718-c2843e01d9a2, golang.org/x/text@v0.3.2, gopkg.in/yaml.v2@v2.2.2",Apache-2.0,jradman12/XML-BSEP:XML/common/go.mod,https://app.snyk.io/vuln/snyk:lic:Apache-2.0,,,,,[]
cloud.google.com/go/storage@v1.0.0,cloud.google.com/go/storage,v1.0.0,golang,0,0,0,0,"golang.org/x/crypto@v0.0.0-20190308221718-c2843e01d9a2, golang.org/x/text@v0.3.2",Apache-2.0,jradman12/XML-BSEP:XML/common/go.mod,https://app.snyk.io/vuln/snyk:lic:Apache-2.0,,,,,[]
cloud.google.com/go/storage@v1.10.0,cloud.google.com/go/storage,v1.10.0,golang,0,0,0,0,"golang.org/x/crypto@v0.0.0-20190308221718-c2843e01d9a2, golang.org/x/net@v0.0.0-20200501053045-e0ff5e5a1de5, golang.org/x/text@v0.3.2, gopkg.in/yaml.v2@v2.2.2",Apache-2.0,jradman12/XML-BSEP:XML/common/go.mod,https://app.snyk.io/vuln/snyk:lic:Apache-2.0,,,,,[]
cloud.google.com/go/storage@v1.5.0,cloud.google.com/go/storage,v1.5.0,golang,0,0,0,0,"golang.org/x/crypto@v0.0.0-20190308221718-c2843e01d9a2, golang.org/x/text@v0.3.2, gopkg.in/yaml.v2@v2.2.2",Apache-2.0,jradman12/XML-BSEP:XML/common/go.mod,https://app.snyk.io/vuln/snyk:lic:Apache-2.0,,,,,[]
cloud.google.com/go/storage@v1.6.0,cloud.google.com/go/storage,v1.6.0,golang,0,0,0,0,"golang.org/x/crypto@v0.0.0-20190308221718-c2843e01d9a2, golang.org/x/text@v0.3.2, gopkg.in/yaml.v2@v2.2.2",Apache-2.0,jradman12/XML-BSEP:XML/common/go.mod,https://app.snyk.io/vuln/snyk:lic:Apache-2.0,,,,,[]
cloud.google.com/go/storage@v1.8.0,cloud.google.com/go/storage,v1.8.0,golang,0,0,0,0,"golang.org/x/crypto@v0.0.0-20190308221718-c2843e01d9a2, golang.org/x/net@v0.0.0-20200501053045-e0ff5e5a1de5, golang.org/x/text@v0.3.2, gopkg.in/yaml.v2@v2.2.2",Apache-2.0,jradman12/XML-BSEP:XML/common/go.mod,https://app.snyk.io/vuln/snyk:lic:Apache-2.0,,,,,[]
dmitri.shuralyov.com/gpu/mtl@v0.0.0-20190408044501-666a987793e9,dmitri.shuralyov.com/gpu/mtl,v0.0.0-20190408044501-666a987793e9,golang,0,0,0,0,,,jradman12/XML-BSEP:XML/common/go.mod,,,,,,[]
github.com/antihax/optional@v1.0.0,github.com/antihax/optional,v1.0.0,golang,0,0,0,0,,MIT,jradman12/XML-BSEP:XML/common/go.mod,https://app.snyk.io/vuln/snyk:lic:MIT,,,,,[]
github.com/BurntSushi/toml@v0.3.1,github.com/BurntSushi/toml,v0.3.1,golang,0,0,0,0,,MIT,jradman12/XML-BSEP:XML/common/go.mod,https://app.snyk.io/vuln/snyk:lic:MIT,,,,,[]
github.com/BurntSushi/xgb@v0.0.0-20160522181843-27f122750802,github.com/BurntSushi/xgb,v0.0.0-20160522181843-27f122750802,golang,0,0,0,0,,,jradman12/XML-BSEP:XML/common/go.mod,,,,,,[]
github.com/census-instrumentation/opencensus-proto@v0.2.1,github.com/census-instrumentation/opencensus-proto,v0.2.1,golang,0,0,0,0,,Apache-2.0,jradman12/XML-BSEP:XML/common/go.mod,https://app.snyk.io/vuln/snyk:lic:Apache-2.0,,,,,[]
github.com/cespare/xxhash@v2.1.1,github.com/cespare/xxhash,v2.1.1,golang,0,0,0,0,,MIT,jradman12/XML-BSEP:XML/common/go.mod,https://app.snyk.io/vuln/snyk:lic:MIT,,,,,[]
github.com/chzyer/logex@v1.1.10,github.com/chzyer/logex,v1.1.10,golang,0,0,0,0,,MIT,jradman12/XML-BSEP:XML/common/go.mod,https://app.snyk.io/vuln/snyk:lic:MIT,,,,,[]
github.com/chzyer/readline@v0.0.0-20180603132655-2972be24d48e,github.com/chzyer/readline,v0.0.0-20180603132655-2972be24d48e,golang,0,0,0,0,,,jradman12/XML-BSEP:XML/common/go.mod,,,,,,[]
github.com/chzyer/test@v0.0.0-20180213035817-a1ea475d72b1,github.com/chzyer/test,v0.0.0-20180213035817-a1ea475d72b1,golang,0,0,0,0,,,jradman12/XML-BSEP:XML/common/go.mod,,,,,,[]
github.com/client9/misspell@v0.3.4,github.com/client9/misspell,v0.3.4,golang,0,0,0,0,,MIT,jradman12/XML-BSEP:XML/common/go.mod,https://app.snyk.io/vuln/snyk:lic:MIT,,,,,[]
github.com/cncf/udpa/go@v0.0.0-20191209042840-269d4d468f6f,github.com/cncf/udpa/go,v0.0.0-20191209042840-269d4d468f6f,golang,0,0,0,0,,,jradman12/XML-BSEP:XML/common/go.mod,,,,,,[]
github.com/cncf/udpa/go@v0.0.0-20201120205902-5459f2c99403,github.com/cncf/udpa/go,v0.0.0-20201120205902-5459f2c99403,golang,0,0,0,0,,,jradman12/XML-BSEP:XML/common/go.mod,,,,,,[]
github.com/cncf/udpa/go@v0.0.0-20210930031921-04548b0d99d4,github.com/cncf/udpa/go,v0.0.0-20210930031921-04548b0d99d4,golang,0,0,0,0,golang.org/x/crypto@v0.0.0-20190308221718-c2843e01d9a2,,jradman12/XML-BSEP:XML/common/go.mod,,,,,,[]
github.com/cncf/xds/go@v0.0.0-20210922020428-25de7278fc84,github.com/cncf/xds/go,v0.0.0-20210922020428-25de7278fc84,golang,0,0,0,0,golang.org/x/crypto@v0.0.0-20190308221718-c2843e01d9a2,,jradman12/XML-BSEP:XML/common/go.mod,,,,,,[]
github.com/cncf/xds/go@v0.0.0-20211001041855-01bcc9b48dfe,github.com/cncf/xds/go,v0.0.0-20211001041855-01bcc9b48dfe,golang,0,0,0,0,,,jradman12/XML-BSEP:XML/common/go.mod,,,,,,[]
github.com/cncf/xds/go@v0.0.0-20211011173535-cb28da3451f1,github.com/cncf/xds/go,v0.0.0-20211011173535-cb28da3451f1,golang,0,0,0,0,,,jradman12/XML-BSEP:XML/common/go.mod,,,,,,[]
github.com/davecgh/go-spew@v1.1.0,github.com/davecgh/go-spew,v1.1.0,golang,0,0,0,0,,0BSD,jradman12/XML-BSEP:XML/common/go.mod,https://app.snyk.io/vuln/snyk:lic:0BSD,,,,,[]
github.com/davecgh/go-spew@v1.1.1,github.com/davecgh/go-spew,v1.1.1,golang,0,0,0,0,,0BSD,jradman12/XML-BSEP:XML/common/go.mod,https://app.snyk.io/vuln/snyk:lic:0BSD,,,,,[]
github.com/dgrijalva/jwt-go@v3.2.0+incompatible,github.com/dgrijalva/jwt-go,v3.2.0+incompatible,golang,0,1,0,0,,MIT,jradman12/XML-BSEP:XML/common/go.mod,https://app.snyk.io/vuln/snyk:lic:MIT,,,,,[]
github.com/envoyproxy/go-control-plane@v0.10.2-0.20220325020618-49ff273808a1,github.com/envoyproxy/go-control-plane,v0.10.2-0.20220325020618-49ff273808a1,golang,0,0,0,0,"golang.org/x/crypto@v0.0.0-20190308221718-c2843e01d9a2, gopkg.in/yaml.v2@v2.2.2, gopkg.in/yaml.v3@v3.0.0-20200313102051-9f266ea9e77c",Apache-2.0,jradman12/XML-BSEP:XML/common/go.mod,https://app.snyk.io/vuln/snyk:lic:Apache-2.0,,,,,[]
github.com/envoyproxy/go-control-plane@v0.9.0,github.com/envoyproxy/go-control-plane,v0.9.0,golang,0,0,0,0,golang.org/x/crypto@v0.0.0-20190308221718-c2843e01d9a2,Apache-2.0,jradman12/XML-BSEP:XML/common/go.mod,https://app.snyk.io/vuln/snyk:lic:Apache-2.0,,,,,[]
github.com/envoyproxy/go-control-plane@v0.9.1-0.20191026205805-5f8ba28d4473,github.com/envoyproxy/go-control-plane,v0.9.1-0.20191026205805-5f8ba28d4473,golang,0,0,0,0,,Apache-2.0,jradman12/XML-BSEP:XML/common/go.mod,https://app.snyk.io/vuln/snyk:lic:Apache-2.0,,,,,[]
github.com/envoyproxy/go-control-plane@v0.9.4,github.com/envoyproxy/go-control-plane,v0.9.4,golang,0,0,0,0,,Apache-2.0,jradman12/XML-BSEP:XML/common/go.mod,https://app.snyk.io/vuln/snyk:lic:Apache-2.0,,,,,[]
github.com/envoyproxy/go-control-plane@v0.9.9-0.20201210154907-fd9021fe5dad,github.com/envoyproxy/go-control-plane,v0.9.9-0.20201210154907-fd9021fe5dad,golang,0,0,0,0,gopkg.in/yaml.v2@v2.2.2,Apache-2.0,jradman12/XML-BSEP:XML/common/go.mod,https://app.snyk.io/vuln/snyk:lic:Apache-2.0,,,,,[]
github.com/envoyproxy/go-control-plane@v0.9.9-0.20210217033140-668b12f5399d,github.com/envoyproxy/go-control-plane,v0.9.9-0.20210217033140-668b12f5399d,golang,0,0,0,0,gopkg.in/yaml.v2@v2.2.2,Apache-2.0,jradman12/XML-BSEP:XML/common/go.mod,https://app.snyk.io/vuln/snyk:lic:Apache-2.0,,,,,[]
github.com/envoyproxy/protoc-gen-validate@v0.1.0,github.com/envoyproxy/protoc-gen-validate,v0.1.0,golang,0,0,0,0,,Apache-2.0,jradman12/XML-BSEP:XML/common/go.mod,https://app.snyk.io/vuln/snyk:lic:Apache-2.0,,,,,[]
github.com/ghodss/yaml@v1.0.0,github.com/ghodss/yaml,v1.0.0,golang,0,0,0,0,,"BSD-3-Clause, MIT",jradman12/XML-BSEP:XML/common/go.mod,"https://app.snyk.io/vuln/snyk:lic:BSD-3-Clause, https://app.snyk.io/vuln/snyk:lic:MIT",,,,,[]
github.com/go-gl/glfw@v0.0.0-20190409004039-e6da0acd62b1,github.com/go-gl/glfw,v0.0.0-20190409004039-e6da0acd62b1,golang,0,0,0,0,,,jradman12/XML-BSEP:XML/common/go.mod,,,,,,[]
github.com/go-gl/glfw.3/glfw@v0.0.0-20191125211704-12ad95a8df72,github.com/go-gl/glfw.3/glfw,v0.0.0-20191125211704-12ad95a8df72,golang,0,0,0,0,,,jradman12/XML-BSEP:XML/common/go.mod,,,,,,[]
github.com/go-gl/glfw.3/glfw@v0.0.0-20200222043503-6f7a984d4dc4,github.com/go-gl/glfw.3/glfw,v0.0.0-20200222043503-6f7a984d4dc4,golang,0,0,0,0,,,jradman12/XML-BSEP:XML/common/go.mod,,,,,,[]
github.com/golang/glog@v0.0.0-20160126235308-23def4e6c14b,github.com/golang/glog,v0.0.0-20160126235308-23def4e6c14b,golang,0,0,0,0,,,jradman12/XML-BSEP:XML/common/go.mod,,,,,,[]
github.com/golang/glog@v0.0.0-20210429001901-424d2337a529,github.com/golang/glog,v0.0.0-20210429001901-424d2337a529,golang,0,0,0,0,,,jradman12/XML-BSEP:XML/common/go.mod,,,,,,[]
github.com/golang/glog@v1.0.0,github.com/golang/glog,v1.0.0,golang,0,0,0,0,,Apache-2.0,jradman12/XML-BSEP:XML/common/go.mod,https://app.snyk.io/vuln/snyk:lic:Apache-2.0,,,,,[]
github.com/golang/groupcache@v0.0.0-20190702054246-869f871628b6,github.com/golang/groupcache,v0.0.0-20190702054246-869f871628b6,golang,0,0,0,0,,,jradman12/XML-BSEP:XML/common/go.mod,,,,,,[]
github.com/golang/groupcache@v0.0.0-20191227052852-215e87163ea7,github.com/golang/groupcache,v0.0.0-20191227052852-215e87163ea7,golang,0,0,0,0,,,jradman12/XML-BSEP:XML/common/go.mod,,,,,,[]
github.com/golang/groupcache@v0.0.0-20200121045136-8c9f03a8e57e,github.com/golang/groupcache,v0.0.0-20200121045136-8c9f03a8e57e,golang,0,0,0,0,,,jradman12/XML-BSEP:XML/common/go.mod,,,,,,[]
github.com/golang/mock@v1.1.1,github.com/golang/mock,v1.1.1,golang,0,0,0,0,,Apache-2.0,jradman12/XML-BSEP:XML/common/go.mod,https://app.snyk.io/vuln/snyk:lic:Apache-2.0,,,,,[]
github.com/golang/mock@v1.2.0,github.com/golang/mock,v1.2.0,golang,0,0,0,0,,Apache-2.0,jradman12/XML-BSEP:XML/common/go.mod,https://app.snyk.io/vuln/snyk:lic:Apache-2.0,,,,,[]
github.com/golang/mock@v1.3.1,github.com/golang/mock,v1.3.1,golang,0,0,0,0,golang.org/x/crypto@v0.0.0-20190308221718-c2843e01d9a2,Apache-2.0,jradman12/XML-BSEP:XML/common/go.mod,https://app.snyk.io/vuln/snyk:lic:Apache-2.0,,,,,[]
github.com/golang/mock@v1.4.0,github.com/golang/mock,v1.4.0,golang,0,0,0,0,,Apache-2.0,jradman12/XML-BSEP:XML/common/go.mod,https://app.snyk.io/vuln/snyk:lic:Apache-2.0,,,,,[]
github.com/golang/mock@v1.4.1,github.com/golang/mock,v1.4.1,golang,0,0,0,0,,Apache-2.0,jradman12/XML-BSEP:XML/common/go.mod,https://app.snyk.io/vuln/snyk:lic:Apache-2.0,,,,,[]
github.com/golang/mock@v1.4.3,github.com/golang/mock,v1.4.3,golang,0,0,0,0,,Apache-2.0,jradman12/XML-BSEP:XML/common/go.mod,https://app.snyk.io/vuln/snyk:lic:Apache-2.0,,,,,[]
github.com/golang/mock@v1.4.4,github.com/golang/mock,v1.4.4,golang,0,0,0,0,,Apache-2.0,jradman12/XML-BSEP:XML/common/go.mod,https://app.snyk.io/vuln/snyk:lic:Apache-2.0,,,,,[]
github.com/golang/protobuf@v1.2.0,github.com/golang/protobuf,v1.2.0,golang,0,0,0,0,,BSD-3-Clause,jradman12/XML-BSEP:XML/common/go.mod,https://app.snyk.io/vuln/snyk:lic:BSD-3-Clause,,,,,[]
github.com/golang/protobuf@v1.3.1,github.com/golang/protobuf,v1.3.1,golang,0,0,0,0,,BSD-3-Clause,jradman12/XML-BSEP:XML/common/go.mod,https://app.snyk.io/vuln/snyk:lic:BSD-3-Clause,,,,,[]
github.com/golang/protobuf@v1.3.2,github.com/golang/protobuf,v1.3.2,golang,0,0,0,0,,BSD-3-Clause,jradman12/XML-BSEP:XML/common/go.mod,https://app.snyk.io/vuln/snyk:lic:BSD-3-Clause,,,,,[]
github.com/golang/protobuf@v1.3.3,github.com/golang/protobuf,v1.3.3,golang,0,0,0,0,,BSD-3-Clause,jradman12/XML-BSEP:XML/common/go.mod,https://app.snyk.io/vuln/snyk:lic:BSD-3-Clause,,,,,[]
github.com/golang/protobuf@v1.3.4,github.com/golang/protobuf,v1.3.4,golang,0,0,0,0,,BSD-3-Clause,jradman12/XML-BSEP:XML/common/go.mod,https://app.snyk.io/vuln/snyk:lic:BSD-3-Clause,,,,,[]
github.com/golang/protobuf@v1.3.5,github.com/golang/protobuf,v1.3.5,golang,0,0,0,0,,BSD-3-Clause,jradman12/XML-BSEP:XML/common/go.mod,https://app.snyk.io/vuln/snyk:lic:BSD-3-Clause,,,,,[]
github.com/golang/protobuf@v1.4.0,github.com/golang/protobuf,v1.4.0,golang,0,0,0,0,,BSD-3-Clause,jradman12/XML-BSEP:XML/common/go.mod,https://app.snyk.io/vuln/snyk:lic:BSD-3-Clause,,,,,[]
github.com/golang/protobuf@v1.4.0-rc.1,github.com/golang/protobuf,v1.4.0-rc.1,golang,0,0,0,0,,,jradman12/XML-BSEP:XML/common/go.mod,,,,,,[]
github.com/golang/protobuf@v1.4.0-rc.1.0.20200221234624-67d41d38c208,github.com/golang/protobuf,v1.4.0-rc.1.0.20200221234624-67d41d38c208,golang,0,0,0,0,,,jradman12/XML-BSEP:XML/common/go.mod,,,,,,[]
github.com/golang/protobuf@v1.4.0-rc.2,github.com/golang/protobuf,v1.4.0-rc.2,golang,0,0,0,0,,,jradman12/XML-BSEP:XML/common/go.mod,,,,,,[]
github.com/golang/protobuf@v1.4.0-rc.4.0.20200313231945-b860323f09d0,github.com/golang/protobuf,v1.4.0-rc.4.0.20200313231945-b860323f09d0,golang,0,0,0,0,,,jradman12/XML-BSEP:XML/common/go.mod,,,,,,[]
github.com/golang/protobuf@v1.4.1,github.com/golang/protobuf,v1.4.1,golang,0,0,0,0,,BSD-3-Clause,jradman12/XML-BSEP:XML/common/go.mod,https://app.snyk.io/vuln/snyk:lic:BSD-3-Clause,,,,,[]
github.com/golang/protobuf@v1.4.2,github.com/golang/protobuf,v1.4.2,golang,0,0,0,0,,BSD-3-Clause,jradman12/XML-BSEP:XML/common/go.mod,https://app.snyk.io/vuln/snyk:lic:BSD-3-Clause,,,,,[]
github.com/golang/protobuf@v1.4.3,github.com/golang/protobuf,v1.4.3,golang,0,0,0,0,,BSD-3-Clause,jradman12/XML-BSEP:XML/common/go.mod,https://app.snyk.io/vuln/snyk:lic:BSD-3-Clause,,,,,[]
github.com/golang/protobuf@v1.5.0,github.com/golang/protobuf,v1.5.0,golang,0,0,0,0,,BSD-3-Clause,jradman12/XML-BSEP:XML/common/go.mod,https://app.snyk.io/vuln/snyk:lic:BSD-3-Clause,,,,,[]
github.com/golang/protobuf@v1.5.2,github.com/golang/protobuf,v1.5.2,golang,0,0,0,0,,BSD-3-Clause,jradman12/XML-BSEP:XML/common/go.mod,https://app.snyk.io/vuln/snyk:lic:BSD-3-Clause,,,,,[]
github.com/googleapis/gax-go@v2.0.4,github.com/googleapis/gax-go,v2.0.4,golang,0,0,0,0,,BSD-3-Clause,jradman12/XML-BSEP:XML/common/go.mod,https://app.snyk.io/vuln/snyk:lic:BSD-3-Clause,,,,,[]
github.com/googleapis/gax-go@v2.0.5,github.com/googleapis/gax-go,v2.0.5,golang,0,0,0,0,,BSD-3-Clause,jradman12/XML-BSEP:XML/common/go.mod,https://app.snyk.io/vuln/snyk:lic:BSD-3-Clause,,,,,[]
github.com/google/btree@v0.0.0-20180813153112-4030bb1f1f0c,github.com/google/btree,v0.0.0-20180813153112-4030bb1f1f0c,golang,0,0,0,0,,,jradman12/XML-BSEP:XML/common/go.mod,,,,,,[]
github.com/google/btree@v1.0.0,github.com/google/btree,v1.0.0,golang,0,0,0,0,,Apache-2.0,jradman12/XML-BSEP:XML/common/go.mod,https://app.snyk.io/vuln/snyk:lic:Apache-2.0,,,,,[]
github.com/google/go-cmp@v0.2.0,github.com/google/go-cmp,v0.2.0,golang,0,0,0,0,,BSD-3-Clause,jradman12/XML-BSEP:XML/common/go.mod,https://app.snyk.io/vuln/snyk:lic:BSD-3-Clause,,,,,[]
github.com/google/go-cmp@v0.3.0,github.com/google/go-cmp,v0.3.0,golang,0,0,0,0,,BSD-3-Clause,jradman12/XML-BSEP:XML/common/go.mod,https://app.snyk.io/vuln/snyk:lic:BSD-3-Clause,,,,,[]
github.com/google/go-cmp@v0.3.1,github.com/google/go-cmp,v0.3.1,golang,0,0,0,0,,BSD-3-Clause,jradman12/XML-BSEP:XML/common/go.mod,https://app.snyk.io/vuln/snyk:lic:BSD-3-Clause,,,,,[]
github.com/google/go-cmp@v0.4.0,github.com/google/go-cmp,v0.4.0,golang,0,0,0,0,,BSD-3-Clause,jradman12/XML-BSEP:XML/common/go.mod,https://app.snyk.io/vuln/snyk:lic:BSD-3-Clause,,,,,[]
github.com/google/go-cmp@v0.4.1,github.com/google/go-cmp,v0.4.1,golang,0,0,0,0,,BSD-3-Clause,jradman12/XML-BSEP:XML/common/go.mod,https://app.snyk.io/vuln/snyk:lic:BSD-3-Clause,,,,,[]
github.com/google/go-cmp@v0.5.0,github.com/google/go-cmp,v0.5.0,golang,0,0,0,0,,BSD-3-Clause,jradman12/XML-BSEP:XML/common/go.mod,https://app.snyk.io/vuln/snyk:lic:BSD-3-Clause,,,,,[]
github.com/google/go-cmp@v0.5.1,github.com/google/go-cmp,v0.5.1,golang,0,0,0,0,,BSD-3-Clause,jradman12/XML-BSEP:XML/common/go.mod,https://app.snyk.io/vuln/snyk:lic:BSD-3-Clause,,,,,[]
github.com/google/go-cmp@v0.5.5,github.com/google/go-cmp,v0.5.5,golang,0,0,0,0,,BSD-3-Clause,jradman12/XML-BSEP:XML/common/go.mod,https://app.snyk.io/vuln/snyk:lic:BSD-3-Clause,,,,,[]
github.com/google/go-cmp@v0.5.6,github.com/google/go-cmp,v0.5.6,golang,0,0,0,0,,BSD-3-Clause,jradman12/XML-BSEP:XML/common/go.mod,https://app.snyk.io/vuln/snyk:lic:BSD-3-Clause,,,,,[]
github.com/google/martian@v2.1.0+incompatible,github.com/google/martian,v2.1.0+incompatible,golang,0,0,0,0,,Apache-2.0,jradman12/XML-BSEP:XML/common/go.mod,https://app.snyk.io/vuln/snyk:lic:Apache-2.0,,,,,[]
github.com/google/martian@v3.0.0,github.com/google/martian,v3.0.0,golang,0,0,0,0,golang.org/x/crypto@v0.0.0-20190308221718-c2843e01d9a2,Apache-2.0,jradman12/XML-BSEP:XML/common/go.mod,https://app.snyk.io/vuln/snyk:lic:Apache-2.0,,,,,[]
github.com/google/pprof@v0.0.0-20181206194817-3ea8567a2e57,github.com/google/pprof,v0.0.0-20181206194817-3ea8567a2e57,golang,0,0,0,0,,,jradman12/XML-BSEP:XML/common/go.mod,,,,,,[]
github.com/google/pprof@v0.0.0-20190515194954-54271f7e092f,github.com/google/pprof,v0.0.0-20190515194954-54271f7e092f,golang,0,0,0,0,,,jradman12/XML-BSEP:XML/common/go.mod,,,,,,[]
github.com/google/pprof@v0.0.0-20191218002539-d4f498aebedc,github.com/google/pprof,v0.0.0-20191218002539-d4f498aebedc,golang,0,0,0,0,,,jradman12/XML-BSEP:XML/common/go.mod,,,,,,[]
github.com/google/pprof@v0.0.0-20200212024743-f11f1df84d12,github.com/google/pprof,v0.0.0-20200212024743-f11f1df84d12,golang,0,0,0,0,,,jradman12/XML-BSEP:XML/common/go.mod,,,,,,[]
github.com/google/pprof@v0.0.0-20200229191704-1ebb73c60ed3,github.com/google/pprof,v0.0.0-20200229191704-1ebb73c60ed3,golang,0,0,0,0,,,jradman12/XML-BSEP:XML/common/go.mod,,,,,,[]
github.com/google/pprof@v0.0.0-20200430221834-fc25d7d30c6d,github.com/google/pprof,v0.0.0-20200430221834-fc25d7d30c6d,golang,0,0,0,0,,,jradman12/XML-BSEP:XML/common/go.mod,,,,,,[]
github.com/google/pprof@v0.0.0-20200708004538-1a94d8640e99,github.com/google/pprof,v0.0.0-20200708004538-1a94d8640e99,golang,0,0,0,0,,,jradman12/XML-BSEP:XML/common/go.mod,,,,,,[]
github.com/google/renameio@v0.1.0,github.com/google/renameio,v0.1.0,golang,0,0,0,0,,Apache-2.0,jradman12/XML-BSEP:XML/common/go.mod,https://app.snyk.io/vuln/snyk:lic:Apache-2.0,,,,,[]
github.com/google/uuid@v1.1.2,github.com/google/uuid,v1.1.2,golang,0,0,0,0,,BSD-3-Clause,jradman12/XML-BSEP:XML/common/go.mod,https://app.snyk.io/vuln/snyk:lic:BSD-3-Clause,,,,,[]
github.com/grpc-ecosystem/grpc-gateway@v1.16.0,github.com/grpc-ecosystem/grpc-gateway,v1.16.0,golang,0,0,0,0,golang.org/x/crypto@v0.0.0-20190308221718-c2843e01d9a2,"BSD-2-Clause, BSD-3-Clause",jradman12/XML-BSEP:XML/common/go.mod,"https://app.snyk.io/vuln/snyk:lic:BSD-2-Clause, https://app.snyk.io/vuln/snyk:lic:BSD-3-Clause",,,,,[]
github.com/grpc-ecosystem/grpc-gateway@v2.5.0,github.com/grpc-ecosystem/grpc-gateway,v2.5.0,golang,0,0,0,0,"golang.org/x/crypto@v0.0.0-20190308221718-c2843e01d9a2, golang.org/x/net@v0.0.0-20200501053045-e0ff5e5a1de5, golang.org/x/text@v0.3.2, gopkg.in/yaml.v2@v2.2.2","BSD-2-Clause, BSD-3-Clause",jradman12/XML-BSEP:XML/common/go.mod,"https://app.snyk.io/vuln/snyk:lic:BSD-2-Clause, https://app.snyk.io/vuln/snyk:lic:BSD-3-Clause",,,,,[]
github.com/hashicorp/golang-lru@v0.5.0,github.com/hashicorp/golang-lru,v0.5.0,golang,0,0,0,0,,MPL-2.0,jradman12/XML-BSEP:XML/common/go.mod,https://app.snyk.io/vuln/snyk:lic:MPL-2.0,,,,,[]
github.com/hashicorp/golang-lru@v0.5.1,github.com/hashicorp/golang-lru,v0.5.1,golang,0,0,0,0,,MPL-2.0,jradman12/XML-BSEP:XML/common/go.mod,https://app.snyk.io/vuln/snyk:lic:MPL-2.0,,,,,[]
github.com/ianlancetaylor/demangle@v0.0.0-20181102032728-5e5cf60278f6,github.com/ianlancetaylor/demangle,v0.0.0-20181102032728-5e5cf60278f6,golang,0,0,0,0,,,jradman12/XML-BSEP:XML/common/go.mod,,,,,,[]
github.com/jstemmer/go-junit-report@v0.0.0-20190106144839-af01ea7f8024,github.com/jstemmer/go-junit-report,v0.0.0-20190106144839-af01ea7f8024,golang,0,0,0,0,,,jradman12/XML-BSEP:XML/common/go.mod,,,,,,[]
github.com/jstemmer/go-junit-report@v0.9.1,github.com/jstemmer/go-junit-report,v0.9.1,golang,0,0,0,0,,MIT,jradman12/XML-BSEP:XML/common/go.mod,https://app.snyk.io/vuln/snyk:lic:MIT,,,,,[]
github.com/kisielk/gotool@v1.0.0,github.com/kisielk/gotool,v1.0.0,golang,0,0,0,0,,"BSD-3-Clause, MIT",jradman12/XML-BSEP:XML/common/go.mod,"https://app.snyk.io/vuln/snyk:lic:BSD-3-Clause, https://app.snyk.io/vuln/snyk:lic:MIT",,,,,[]
github.com/kr/pretty@v0.1.0,github.com/kr/pretty,v0.1.0,golang,0,0,0,0,,MIT,jradman12/XML-BSEP:XML/common/go.mod,https://app.snyk.io/vuln/snyk:lic:MIT,,,,,[]
github.com/kr/pty@v1.1.1,github.com/kr/pty,v1.1.1,golang,0,0,0,0,,MIT,jradman12/XML-BSEP:XML/common/go.mod,https://app.snyk.io/vuln/snyk:lic:MIT,,,,,[]
github.com/kr/text@v0.1.0,github.com/kr/text,v0.1.0,golang,0,0,0,0,,MIT,jradman12/XML-BSEP:XML/common/go.mod,https://app.snyk.io/vuln/snyk:lic:MIT,,,,,[]
github.com/pmezard/go-difflib@v1.0.0,github.com/pmezard/go-difflib,v1.0.0,golang,0,0,0,0,,"BSD-2-Clause, BSD-3-Clause",jradman12/XML-BSEP:XML/common/go.mod,"https://app.snyk.io/vuln/snyk:lic:BSD-2-Clause, https://app.snyk.io/vuln/snyk:lic:BSD-3-Clause",,,,,[]
github.com/prometheus/client_model@v0.0.0-20190812154241-14fe0d1b01d4,github.com/prometheus/client_model,v0.0.0-20190812154241-14fe0d1b01d4,golang,0,0,0,0,,,jradman12/XML-BSEP:XML/common/go.mod,,,,,,[]
github.com/rogpeppe/fastuuid@v1.2.0,github.com/rogpeppe/fastuuid,v1.2.0,golang,0,0,0,0,,BSD-3-Clause,jradman12/XML-BSEP:XML/common/go.mod,https://app.snyk.io/vuln/snyk:lic:BSD-3-Clause,,,,,[]
github.com/rogpeppe/go-internal@v1.3.0,github.com/rogpeppe/go-internal,v1.3.0,golang,0,0,0,0,,BSD-3-Clause,jradman12/XML-BSEP:XML/common/go.mod,https://app.snyk.io/vuln/snyk:lic:BSD-3-Clause,,,,,[]
github.com/sirupsen/logrus@v1.8.1,github.com/sirupsen/logrus,v1.8.1,golang,0,0,0,0,,MIT,jradman12/XML-BSEP:XML/common/go.mod,https://app.snyk.io/vuln/snyk:lic:MIT,,,,,[]
github.com/snowzach/rotatefilehook@v0.0.0-20220211133110-53752135082d,github.com/snowzach/rotatefilehook,v0.0.0-20220211133110-53752135082d,golang,0,0,0,0,,,jradman12/XML-BSEP:XML/common/go.mod,,,,,,[]
github.com/stretchr/objx@v0.1.0,github.com/stretchr/objx,v0.1.0,golang,0,0,0,0,,MIT,jradman12/XML-BSEP:XML/common/go.mod,https://app.snyk.io/vuln/snyk:lic:MIT,,,,,[]
github.com/stretchr/testify@v1.2.2,github.com/stretchr/testify,v1.2.2,golang,0,0,0,0,,MIT,jradman12/XML-BSEP:XML/common/go.mod,https://app.snyk.io/vuln/snyk:lic:MIT,,,,,[]
github.com/stretchr/testify@v1.4.0,github.com/stretchr/testify,v1.4.0,golang,0,0,0,0,gopkg.in/yaml.v2@v2.2.2,MIT,jradman12/XML-BSEP:XML/common/go.mod,https://app.snyk.io/vuln/snyk:lic:MIT,,,,,[]
github.com/stretchr/testify@v1.5.1,github.com/stretchr/testify,v1.5.1,golang,0,0,0,0,gopkg.in/yaml.v2@v2.2.2,MIT,jradman12/XML-BSEP:XML/common/go.mod,https://app.snyk.io/vuln/snyk:lic:MIT,,,,,[]
github.com/stretchr/testify@v1.7.0,github.com/stretchr/testify,v1.7.0,golang,0,0,0,0,gopkg.in/yaml.v3@v3.0.0-20200313102051-9f266ea9e77c,MIT,jradman12/XML-BSEP:XML/common/go.mod,https://app.snyk.io/vuln/snyk:lic:MIT,,,,,[]
github.com/yuin/goldmark@v1.1.25,github.com/yuin/goldmark,v1.1.25,golang,0,0,0,0,,MIT,jradman12/XML-BSEP:XML/common/go.mod,https://app.snyk.io/vuln/snyk:lic:MIT,,,,,[]
github.com/yuin/goldmark@v1.1.27,github.com/yuin/goldmark,v1.1.27,golang,0,0,0,0,,MIT,jradman12/XML-BSEP:XML/common/go.mod,https://app.snyk.io/vuln/snyk:lic:MIT,,,,,[]
github.com/yuin/goldmark@v1.1.32,github.com/yuin/goldmark,v1.1.32,golang,0,0,0,0,,MIT,jradman12/XML-BSEP:XML/common/go.mod,https://app.snyk.io/vuln/snyk:lic:MIT,,,,,[]
github.com/yuin/goldmark@v1.3.5,github.com/yuin/goldmark,v1.3.5,golang,0,0,0,0,,MIT,jradman12/XML-BSEP:XML/common/go.mod,https://app.snyk.io/vuln/snyk:lic:MIT,,,,,[]
golang.org/x/crypto@v0.0.0-20190308221718-c2843e01d9a2,golang.org/x/crypto,v0.0.0-20190308221718-c2843e01d9a2,golang,0,69,23,0,,,jradman12/XML-BSEP:XML/common/go.mod,,,,,,[]
golang.org/x/crypto@v0.0.0-20190510104115-cbcb75029529,golang.org/x/crypto,v0.0.0-20190510104115-cbcb75029529,golang,0,6,2,0,,,jradman12/XML-BSEP:XML/common/go.mod,,,,,,[]
golang.org/x/crypto@v0.0.0-20190605123033-f99c8df09eb5,golang.org/x/crypto,v0.0.0-20190605123033-f99c8df09eb5,golang,0,3,1,0,golang.org/x/crypto@v0.0.0-20190308221718-c2843e01d9a2,,jradman12/XML-BSEP:XML/common/go.mod,,,,,,[]
golang.org/x/crypto@v0.0.0-20191011191535-87dc89f01550,golang.org/x/crypto,v0.0.0-20191011191535-87dc89f01550,golang,0,15,5,0,,,jradman12/XML-BSEP:XML/common/go.mod,,,,,,[]
golang.org/x/crypto@v0.0.0-20200622213623-75b288015ac9,golang.org/x/crypto,v0.0.0-20200622213623-75b288015ac9,golang,0,14,7,0,golang.org/x/crypto@v0.0.0-20190308221718-c2843e01d9a2,,jradman12/XML-BSEP:XML/common/go.mod,,,,,,[]
golang.org/x/exp@v0.0.0-20190121172915-509febef88a4,golang.org/x/exp,v0.0.0-20190121172915-509febef88a4,golang,0,0,0,0,,,jradman12/XML-BSEP:XML/common/go.mod,,,,,,[]
golang.org/x/exp@v0.0.0-20190306152737-a1d7652674e8,golang.org/x/exp,v0.0.0-20190306152737-a1d7652674e8,golang,0,0,0,0,,,jradman12/XML-BSEP:XML/common/go.mod,,,,,,[]
golang.org/x/exp@v0.0.0-20190510132918-efd6b22b2522,golang.org/x/exp,v0.0.0-20190510132918-efd6b22b2522,golang,0,0,0,0,,,jradman12/XML-BSEP:XML/common/go.mod,,,,,,[]
golang.org/x/exp@v0.0.0-20190829153037-c13cbed26979,golang.org/x/exp,v0.0.0-20190829153037-c13cbed26979,golang,0,0,0,0,,,jradman12/XML-BSEP:XML/common/go.mod,,,,,,[]
golang.org/x/exp@v0.0.0-20191030013958-a1ab85dbe136,golang.org/x/exp,v0.0.0-20191030013958-a1ab85dbe136,golang,0,0,0,0,,,jradman12/XML-BSEP:XML/common/go.mod,,,,,,[]
golang.org/x/exp@v0.0.0-20191129062945-2f5052295587,golang.org/x/exp,v0.0.0-20191129062945-2f5052295587,golang,0,0,0,0,,,jradman12/XML-BSEP:XML/common/go.mod,,,,,,[]
golang.org/x/exp@v0.0.0-20191227195350-da58074b4299,golang.org/x/exp,v0.0.0-20191227195350-da58074b4299,golang,0,0,0,0,,,jradman12/XML-BSEP:XML/common/go.mod,,,,,,[]
golang.org/x/exp@v0.0.0-20200119233911-0405dc783f0a,golang.org/x/exp,v0.0.0-20200119233911-0405dc783f0a,golang,0,0,0,0,,,jradman12/XML-BSEP:XML/common/go.mod,,,,,,[]
golang.org/x/exp@v0.0.0-20200207192155-f17229e696bd,golang.org/x/exp,v0.0.0-20200207192155-f17229e696bd,golang,0,0,0,0,,,jradman12/XML-BSEP:XML/common/go.mod,,,,,,[]
golang.org/x/exp@v0.0.0-20200224162631-6cc2880d07d6,golang.org/x/exp,v0.0.0-20200224162631-6cc2880d07d6,golang,0,0,0,0,,,jradman12/XML-BSEP:XML/common/go.mod,,,,,,[]
golang.org/x/image@v0.0.0-20190227222117-0694c2d4d067,golang.org/x/image,v0.0.0-20190227222117-0694c2d4d067,golang,0,0,0,0,,,jradman12/XML-BSEP:XML/common/go.mod,,,,,,[]
golang.org/x/image@v0.0.0-20190802002840-cff245a6509b,golang.org/x/image,v0.0.0-20190802002840-cff245a6509b,golang,0,0,0,0,,,jradman12/XML-BSEP:XML/common/go.mod,,,,,,[]
golang.org/x/lint@v0.0.0-20181026193005-c67002cb31c3,golang.org/x/lint,v0.0.0-20181026193005-c67002cb31c3,golang,0,0,0,0,,,jradman12/XML-BSEP:XML/common/go.mod,,,,,,[]
golang.org/x/lint@v0.0.0-20190227174305-5b3e6a55c961,golang.org/x/lint,v0.0.0-20190227174305-5b3e6a55c961,golang,0,0,0,0,,,jradman12/XML-BSEP:XML/common/go.mod,,,,,,[]
golang.org/x/lint@v0.0.0-20190301231843-5614ed5bae6f,golang.org/x/lint,v0.0.0-20190301231843-5614ed5bae6f,golang,0,0,0,0,,,jradman12/XML-BSEP:XML/common/go.mod,,,,,,[]
golang.org/x/lint@v0.0.0-20190313153728-d0100b6bd8b3,golang.org/x/lint,v0.0.0-20190313153728-d0100b6bd8b3,golang,0,0,0,0,golang.org/x/crypto@v0.0.0-20190308221718-c2843e01d9a2,,jradman12/XML-BSEP:XML/common/go.mod,,,,,,[]
golang.org/x/lint@v0.0.0-20190409202823-959b441ac422,golang.org/x/lint,v0.0.0-20190409202823-959b441ac422,golang,0,0,0,0,,,jradman12/XML-BSEP:XML/common/go.mod,,,,,,[]
golang.org/x/lint@v0.0.0-20190909230951-414d861bb4ac,golang.org/x/lint,v0.0.0-20190909230951-414d861bb4ac,golang,0,0,0,0,,,jradman12/XML-BSEP:XML/common/go.mod,,,,,,[]
golang.org/x/lint@v0.0.0-20190930215403-16217165b5de,golang.org/x/lint,v0.0.0-20190930215403-16217165b5de,golang,0,0,0,0,,,jradman12/XML-BSEP:XML/common/go.mod,,,,,,[]
golang.org/x/lint@v0.0.0-20191125180803-fdd1cda4f05f,golang.org/x/lint,v0.0.0-20191125180803-fdd1cda4f05f,golang,0,0,0,0,,,jradman12/XML-BSEP:XML/common/go.mod,,,,,,[]
golang.org/x/lint@v0.0.0-20200130185559-910be7a94367,golang.org/x/lint,v0.0.0-20200130185559-910be7a94367,golang,0,0,0,0,,,jradman12/XML-BSEP:XML/common/go.mod,,,,,,[]
golang.org/x/lint@v0.0.0-20200302205851-738671d3881b,golang.org/x/lint,v0.0.0-20200302205851-738671d3881b,golang,0,0,0,0,,,jradman12/XML-BSEP:XML/common/go.mod,,,,,,[]
golang.org/x/lint@v0.0.0-20210508222113-6edffad5e616,golang.org/x/lint,v0.0.0-20210508222113-6edffad5e616,golang,0,0,0,0,,,jradman12/XML-BSEP:XML/common/go.mod,,,,,,[]
golang.org/x/mobile@v0.0.0-20190312151609-d3739f865fa6,golang.org/x/mobile,v0.0.0-20190312151609-d3739f865fa6,golang,0,0,0,0,,,jradman12/XML-BSEP:XML/common/go.mod,,,,,,[]
golang.org/x/mobile@v0.0.0-20190719004257-d2bd2a29d028,golang.org/x/mobile,v0.0.0-20190719004257-d2bd2a29d028,golang,0,0,0,0,,,jradman12/XML-BSEP:XML/common/go.mod,,,,,,[]
golang.org/x/mod@v0.0.0-20190513183733-4bf6d317e70e,golang.org/x/mod,v0.0.0-20190513183733-4bf6d317e70e,golang,0,0,0,0,,,jradman12/XML-BSEP:XML/common/go.mod,,,,,,[]
golang.org/x/mod@v0.1.0,golang.org/x/mod,v0.1.0,golang,0,0,0,0,,BSD-3-Clause,jradman12/XML-BSEP:XML/common/go.mod,https://app.snyk.io/vuln/snyk:lic:BSD-3-Clause,,,,,[]
golang.org/x/mod@v0.1.1-0.20191105210325-c90efee705ee,golang.org/x/mod,v0.1.1-0.20191105210325-c90efee705ee,golang,0,0,0,0,,,jradman12/XML-BSEP:XML/common/go.mod,,,,,,[]
golang.org/x/mod@v0.1.1-0.20191107180719-034126e5016b,golang.org/x/mod,v0.1.1-0.20191107180719-034126e5016b,golang,0,0,0,0,,,jradman12/XML-BSEP:XML/common/go.mod,,,,,,[]
golang.org/x/mod@v0.2.0,golang.org/x/mod,v0.2.0,golang,0,0,0,0,,BSD-3-Clause,jradman12/XML-BSEP:XML/common/go.mod,https://app.snyk.io/vuln/snyk:lic:BSD-3-Clause,,,,,[]
golang.org/x/mod@v0.3.0,golang.org/x/mod,v0.3.0,golang,0,0,0,0,,BSD-3-Clause,jradman12/XML-BSEP:XML/common/go.mod,https://app.snyk.io/vuln/snyk:lic:BSD-3-Clause,,,,,[]
golang.org/x/mod@v0.4.2,golang.org/x/mod,v0.4.2,golang,0,0,0,0,,BSD-3-Clause,jradman12/XML-BSEP:XML/common/go.mod,https://app.snyk.io/vuln/snyk:lic:BSD-3-Clause,,,,,[]
golang.org/x/net@v0.0.0-20180724234803-3673e40ba225,golang.org/x/net,v0.0.0-20180724234803-3673e40ba225,golang,0,4,0,0,,BSD-3-Clause,jradman12/XML-BSEP:XML/common/go.mod,https://app.snyk.io/vuln/snyk:lic:BSD-3-Clause,,,,,[]
golang.org/x/net@v0.0.0-20180826012351-8a410e7b638d,golang.org/x/net,v0.0.0-20180826012351-8a410e7b638d,golang,0,3,0,0,,BSD-3-Clause,jradman12/XML-BSEP:XML/common/go.mod,https://app.snyk.io/vuln/snyk:lic:BSD-3-Clause,,,,,[]
golang.org/x/net@v0.0.0-20190108225652-1e06a53dbb7e,golang.org/x/net,v0.0.0-20190108225652-1e06a53dbb7e,golang,0,6,0,0,,BSD-3-Clause,jradman12/XML-BSEP:XML/common/go.mod,https://app.snyk.io/vuln/snyk:lic:BSD-3-Clause,,,,,[]
golang.org/x/net@v0.0.0-20190213061140-3a22650c66bd,golang.org/x/net,v0.0.0-20190213061140-3a22650c66bd,golang,0,7,0,0,,BSD-3-Clause,jradman12/XML-BSEP:XML/common/go.mod,https://app.snyk.io/vuln/snyk:lic:BSD-3-Clause,,,,,[]
golang.org/x/net@v0.0.0-20190311183353-d8887717615a,golang.org/x/net,v0.0.0-20190311183353-d8887717615a,golang,0,36,0,0,golang.org/x/crypto@v0.0.0-20190308221718-c2843e01d9a2,BSD-3-Clause,jradman12/XML-BSEP:XML/common/go.mod,https://app.snyk.io/vuln/snyk:lic:BSD-3-Clause,,,,,[]
golang.org/x/net@v0.0.0-20190404232315-eb5bcb51f2a3,golang.org/x/net,v0.0.0-20190404232315-eb5bcb51f2a3,golang,0,6,0,0,golang.org/x/crypto@v0.0.0-20190308221718-c2843e01d9a2,BSD-3-Clause,jradman12/XML-BSEP:XML/common/go.mod,https://app.snyk.io/vuln/snyk:lic:BSD-3-Clause,,,,,[]
golang.org/x/net@v0.0.0-20190501004415-9ce7a6920f09,golang.org/x/net,v0.0.0-20190501004415-9ce7a6920f09,golang,0,1,0,0,golang.org/x/crypto@v0.0.0-20190308221718-c2843e01d9a2,BSD-3-Clause,jradman12/XML-BSEP:XML/common/go.mod,https://app.snyk.io/vuln/snyk:lic:BSD-3-Clause,,,,,[]
golang.org/x/net@v0.0.0-20190503192946-f4e77d36d62c,golang.org/x/net,v0.0.0-20190503192946-f4e77d36d62c,golang,0,11,0,0,golang.org/x/crypto@v0.0.0-20190308221718-c2843e01d9a2,BSD-3-Clause,jradman12/XML-BSEP:XML/common/go.mod,https://app.snyk.io/vuln/snyk:lic:BSD-3-Clause,,,,,[]
golang.org/x/net@v0.0.0-20190603091049-60506f45cf65,golang.org/x/net,v0.0.0-20190603091049-60506f45cf65,golang,0,3,0,0,golang.org/x/crypto@v0.0.0-20190308221718-c2843e01d9a2,BSD-3-Clause,jradman12/XML-BSEP:XML/common/go.mod,https://app.snyk.io/vuln/snyk:lic:BSD-3-Clause,,,,,[]
golang.org/x/net@v0.0.0-20190620200207-3b0461eec859,golang.org/x/net,v0.0.0-20190620200207-3b0461eec859,golang,0,25,0,0,golang.org/x/crypto@v0.0.0-20190308221718-c2843e01d9a2,BSD-3-Clause,jradman12/XML-BSEP:XML/common/go.mod,https://app.snyk.io/vuln/snyk:lic:BSD-3-Clause,,,,,[]
golang.org/x/net@v0.0.0-20190628185345-da137c7871d7,golang.org/x/net,v0.0.0-20190628185345-da137c7871d7,golang,0,1,0,0,golang.org/x/crypto@v0.0.0-20190308221718-c2843e01d9a2,BSD-3-Clause,jradman12/XML-BSEP:XML/common/go.mod,https://app.snyk.io/vuln/snyk:lic:BSD-3-Clause,,,,,[]
golang.org/x/net@v0.0.0-20190724013045-ca1201d0de80,golang.org/x/net,v0.0.0-20190724013045-ca1201d0de80,golang,0,1,0,0,golang.org/x/crypto@v0.0.0-20190308221718-c2843e01d9a2,BSD-3-Clause,jradman12/XML-BSEP:XML/common/go.mod,https://app.snyk.io/vuln/snyk:lic:BSD-3-Clause,,,,,[]
golang.org/x/net@v0.0.0-20191209160850-c0dbc17a3553,golang.org/x/net,v0.0.0-20191209160850-c0dbc17a3553,golang,0,1,0,0,golang.org/x/crypto@v0.0.0-20190308221718-c2843e01d9a2,BSD-3-Clause,jradman12/XML-BSEP:XML/common/go.mod,https://app.snyk.io/vuln/snyk:lic:BSD-3-Clause,,,,,[]
golang.org/x/net@v0.0.0-20200114155413-6afb5195e5aa,golang.org/x/net,v0.0.0-20200114155413-6afb5195e5aa,golang,0,1,0,0,golang.org/x/crypto@v0.0.0-20190308221718-c2843e01d9a2,BSD-3-Clause,jradman12/XML-BSEP:XML/common/go.mod,https://app.snyk.io/vuln/snyk:lic:BSD-3-Clause,,,,,[]
golang.org/x/net@v0.0.0-20200202094626-16171245cfb2,golang.org/x/net,v0.0.0-20200202094626-16171245cfb2,golang,0,2,0,0,golang.org/x/crypto@v0.0.0-20190308221718-c2843e01d9a2,BSD-3-Clause,jradman12/XML-BSEP:XML/common/go.mod,https://app.snyk.io/vuln/snyk:lic:BSD-3-Clause,,,,,[]
golang.org/x/net@v0.0.0-20200222125558-5a598a2470a0,golang.org/x/net,v0.0.0-20200222125558-5a598a2470a0,golang,0,1,0,0,golang.org/x/crypto@v0.0.0-20190308221718-c2843e01d9a2,BSD-3-Clause,jradman12/XML-BSEP:XML/common/go.mod,https://app.snyk.io/vuln/snyk:lic:BSD-3-Clause,,,,,[]
golang.org/x/net@v0.0.0-20200226121028-0de0cce0169b,golang.org/x/net,v0.0.0-20200226121028-0de0cce0169b,golang,0,8,0,0,golang.org/x/crypto@v0.0.0-20190308221718-c2843e01d9a2,BSD-3-Clause,jradman12/XML-BSEP:XML/common/go.mod,https://app.snyk.io/vuln/snyk:lic:BSD-3-Clause,,,,,[]
golang.org/x/net@v0.0.0-20200301022130-244492dfa37a,golang.org/x/net,v0.0.0-20200301022130-244492dfa37a,golang,0,1,0,0,golang.org/x/crypto@v0.0.0-20190308221718-c2843e01d9a2,BSD-3-Clause,jradman12/XML-BSEP:XML/common/go.mod,https://app.snyk.io/vuln/snyk:lic:BSD-3-Clause,,,,,[]
golang.org/x/net@v0.0.0-20200324143707-d3edc9973b7e,golang.org/x/net,v0.0.0-20200324143707-d3edc9973b7e,golang,0,1,0,0,golang.org/x/crypto@v0.0.0-20190308221718-c2843e01d9a2,BSD-3-Clause,jradman12/XML-BSEP:XML/common/go.mod,https://app.snyk.io/vuln/snyk:lic:BSD-3-Clause,,,,,[]
golang.org/x/net@v0.0.0-20200501053045-e0ff5e5a1de5,golang.org/x/net,v0.0.0-20200501053045-e0ff5e5a1de5,golang,0,2,0,0,golang.org/x/crypto@v0.0.0-20190308221718-c2843e01d9a2,BSD-3-Clause,jradman12/XML-BSEP:XML/common/go.mod,https://app.snyk.io/vuln/snyk:lic:BSD-3-Clause,,,,,[]
golang.org/x/net@v0.0.0-20200506145744-7e3656a0809f,golang.org/x/net,v0.0.0-20200506145744-7e3656a0809f,golang,0,1,0,0,golang.org/x/crypto@v0.0.0-20190308221718-c2843e01d9a2,BSD-3-Clause,jradman12/XML-BSEP:XML/common/go.mod,https://app.snyk.io/vuln/snyk:lic:BSD-3-Clause,,,,,[]
golang.org/x/net@v0.0.0-20200513185701-a91f0712d120,golang.org/x/net,v0.0.0-20200513185701-a91f0712d120,golang,0,1,0,0,golang.org/x/crypto@v0.0.0-20190308221718-c2843e01d9a2,BSD-3-Clause,jradman12/XML-BSEP:XML/common/go.mod,https://app.snyk.io/vuln/snyk:lic:BSD-3-Clause,,,,,[]
golang.org/x/net@v0.0.0-20200520182314-0ba52f642ac2,golang.org/x/net,v0.0.0-20200520182314-0ba52f642ac2,golang,0,1,0,0,golang.org/x/crypto@v0.0.0-20190308221718-c2843e01d9a2,BSD-3-Clause,jradman12/XML-BSEP:XML/common/go.mod,https://app.snyk.io/vuln/snyk:lic:BSD-3-Clause,,,,,[]
golang.org/x/net@v0.0.0-20200625001655-4c5254603344,golang.org/x/net,v0.0.0-20200625001655-4c5254603344,golang,0,3,0,0,,BSD-3-Clause,jradman12/XML-BSEP:XML/common/go.mod,https://app.snyk.io/vuln/snyk:lic:BSD-3-Clause,,,,,[]
golang.org/x/net@v0.0.0-20200707034311-ab3426394381,golang.org/x/net,v0.0.0-20200707034311-ab3426394381,golang,0,1,0,0,,BSD-3-Clause,jradman12/XML-BSEP:XML/common/go.mod,https://app.snyk.io/vuln/snyk:lic:BSD-3-Clause,,,,,[]
golang.org/x/net@v0.0.0-20200822124328-c89045814202,golang.org/x/net,v0.0.0-20200822124328-c89045814202,golang,0,4,0,0,golang.org/x/crypto@v0.0.0-20190308221718-c2843e01d9a2,BSD-3-Clause,jradman12/XML-BSEP:XML/common/go.mod,https://app.snyk.io/vuln/snyk:lic:BSD-3-Clause,,,,,[]
golang.org/x/net@v0.0.0-20201021035429-f5854403a974,golang.org/x/net,v0.0.0-20201021035429-f5854403a974,golang,0,4,0,0,,BSD-3-Clause,jradman12/XML-BSEP:XML/common/go.mod,https://app.snyk.io/vuln/snyk:lic:BSD-3-Clause,,,,,[]
golang.org/x/net@v0.0.0-20210405180319-a5a99cb37ef4,golang.org/x/net,v0.0.0-20210405180319-a5a99cb37ef4,golang,0,3,0,0,,BSD-3-Clause,jradman12/XML-BSEP:XML/common/go.mod,https://app.snyk.io/vuln/snyk:lic:BSD-3-Clause,,,,,[]
golang.org/x/oauth2@v0.0.0-20180821212333-d2e6202438be,golang.org/x/oauth2,v0.0.0-20180821212333-d2e6202438be,golang,0,0,0,0,,,jradman12/XML-BSEP:XML/common/go.mod,,,,,,[]
golang.org/x/oauth2@v0.0.0-20190226205417-e64efc72b421,golang.org/x/oauth2,v0.0.0-20190226205417-e64efc72b421,golang,0,0,0,0,,,jradman12/XML-BSEP:XML/common/go.mod,,,,,,[]
golang.org/x/oauth2@v0.0.0-20190604053449-0f29369cfe45,golang.org/x/oauth2,v0.0.0-20190604053449-0f29369cfe45,golang,0,0,0,0,,,jradman12/XML-BSEP:XML/common/go.mod,,,,,,[]
golang.org/x/oauth2@v0.0.0-20191202225959-858c2ad4c8b6,golang.org/x/oauth2,v0.0.0-20191202225959-858c2ad4c8b6,golang,0,0,0,0,,,jradman12/XML-BSEP:XML/common/go.mod,,,,,,[]
golang.org/x/oauth2@v0.0.0-20200107190931-bf48bf16ab8d,golang.org/x/oauth2,v0.0.0-20200107190931-bf48bf16ab8d,golang,0,0,0,0,,,jradman12/XML-BSEP:XML/common/go.mod,,,,,,[]
golang.org/x/oauth2@v0.0.0-20210615190721-d04028783cf1,golang.org/x/oauth2,v0.0.0-20210615190721-d04028783cf1,golang,0,0,0,0,"golang.org/x/crypto@v0.0.0-20190308221718-c2843e01d9a2, golang.org/x/net@v0.0.0-20200501053045-e0ff5e5a1de5, golang.org/x/text@v0.3.2, gopkg.in/yaml.v2@v2.2.2",,jradman12/XML-BSEP:XML/common/go.mod,,,,,,[]
golang.org/x/sync@v0.0.0-20180314180146-1d60e4601c6f,golang.org/x/sync,v0.0.0-20180314180146-1d60e4601c6f,golang,0,0,0,0,,,jradman12/XML-BSEP:XML/common/go.mod,,,,,,[]
golang.org/x/sync@v0.0.0-20181108010431-42b317875d0f,golang.org/x/sync,v0.0.0-20181108010431-42b317875d0f,golang,0,0,0,0,,,jradman12/XML-BSEP:XML/common/go.mod,,,,,,[]
golang.org/x/sync@v0.0.0-20181221193216-37e7f081c4d4,golang.org/x/sync,v0.0.0-20181221193216-37e7f081c4d4,golang,0,0,0,0,,,jradman12/XML-BSEP:XML/common/go.mod,,,,,,[]
golang.org/x/sync@v0.0.0-20190227155943-e225da77a7e6,golang.org/x/sync,v0.0.0-20190227155943-e225da77a7e6,golang,0,0,0,0,,,jradman12/XML-BSEP:XML/common/go.mod,,,,,,[]
golang.org/x/sync@v0.0.0-20190423024810-112230192c58,golang.org/x/sync,v0.0.0-20190423024810-112230192c58,golang,0,0,0,0,,,jradman12/XML-BSEP:XML/common/go.mod,,,,,,[]
golang.org/x/sync@v0.0.0-20190911185100-cd5d95a43a6e,golang.org/x/sync,v0.0.0-20190911185100-cd5d95a43a6e,golang,0,0,0,0,,,jradman12/XML-BSEP:XML/common/go.mod,,,,,,[]
golang.org/x/sync@v0.0.0-20200317015054-43a5402ce75a,golang.org/x/sync,v0.0.0-20200317015054-43a5402ce75a,golang,0,0,0,0,,,jradman12/XML-BSEP:XML/common/go.mod,,,,,,[]
golang.org/x/sync@v0.0.0-20200625203802-6e8e738ad208,golang.org/x/sync,v0.0.0-20200625203802-6e8e738ad208,golang,0,0,0,0,,,jradman12/XML-BSEP:XML/common/go.mod,,,,,,[]
golang.org/x/sync@v0.0.0-20210220032951-036812b2e83c,golang.org/x/sync,v0.0.0-20210220032951-036812b2e83c,golang,0,0,0,0,,,jradman12/XML-BSEP:XML/common/go.mod,,,,,,[]
golang.org/x/sys@v0.0.0-20180830151530-49385e6e1522,golang.org/x/sys,v0.0.0-20180830151530-49385e6e1522,golang,0,0,0,0,,,jradman12/XML-BSEP:XML/common/go.mod,,,,,,[]
golang.org/x/sys@v0.0.0-20190215142949-d0b11bdaac8a,golang.org/x/sys,v0.0.0-20190215142949-d0b11bdaac8a,golang,0,0,0,0,,,jradman12/XML-BSEP:XML/common/go.mod,,,,,,[]
golang.org/x/sys@v0.0.0-20190312061237-fead79001313,golang.org/x/sys,v0.0.0-20190312061237-fead79001313,golang,0,0,0,0,,,jradman12/XML-BSEP:XML/common/go.mod,,,,,,[]
golang.org/x/sys@v0.0.0-20190412213103-97732733099d,golang.org/x/sys,v0.0.0-20190412213103-97732733099d,golang,0,0,0,0,,,jradman12/XML-BSEP:XML/common/go.mod,,,,,,[]
golang.org/x/sys@v0.0.0-20190502145724-3ef323f4f1fd,golang.org/x/sys,v0.0.0-20190502145724-3ef323f4f1fd,golang,0,0,0,0,,,jradman12/XML-BSEP:XML/common/go.mod,,,,,,[]
golang.org/x/sys@v0.0.0-20190507160741-ecd444e8653b,golang.org/x/sys,v0.0.0-20190507160741-ecd444e8653b,golang,0,0,0,0,,,jradman12/XML-BSEP:XML/common/go.mod,,,,,,[]
golang.org/x/sys@v0.0.0-20190606165138-5da285871e9c,golang.org/x/sys,v0.0.0-20190606165138-5da285871e9c,golang,0,0,0,0,,,jradman12/XML-BSEP:XML/common/go.mod,,,,,,[]
golang.org/x/sys@v0.0.0-20190624142023-c5567b49c5d0,golang.org/x/sys,v0.0.0-20190624142023-c5567b49c5d0,golang,0,0,0,0,,,jradman12/XML-BSEP:XML/common/go.mod,,,,,,[]
golang.org/x/sys@v0.0.0-20190726091711-fc99dfbffb4e,golang.org/x/sys,v0.0.0-20190726091711-fc99dfbffb4e,golang,0,0,0,0,,,jradman12/XML-BSEP:XML/common/go.mod,,,,,,[]
golang.org/x/sys@v0.0.0-20191001151750-bb3f8db39f24,golang.org/x/sys,v0.0.0-20191001151750-bb3f8db39f24,golang,0,0,0,0,,,jradman12/XML-BSEP:XML/common/go.mod,,,,,,[]
golang.org/x/sys@v0.0.0-20191026070338-33540a1f6037,golang.org/x/sys,v0.0.0-20191026070338-33540a1f6037,golang,0,0,0,0,,,jradman12/XML-BSEP:XML/common/go.mod,,,,,,[]
golang.org/x/sys@v0.0.0-20191204072324-ce4227a45e2e,golang.org/x/sys,v0.0.0-20191204072324-ce4227a45e2e,golang,0,0,0,0,,,jradman12/XML-BSEP:XML/common/go.mod,,,,,,[]
golang.org/x/sys@v0.0.0-20191228213918-04cbcbbfeed8,golang.org/x/sys,v0.0.0-20191228213918-04cbcbbfeed8,golang,0,0,0,0,,,jradman12/XML-BSEP:XML/common/go.mod,,,,,,[]
golang.org/x/sys@v0.0.0-20200113162924-86b910548bc1,golang.org/x/sys,v0.0.0-20200113162924-86b910548bc1,golang,0,0,0,0,,,jradman12/XML-BSEP:XML/common/go.mod,,,,,,[]
golang.org/x/sys@v0.0.0-20200122134326-e047566fdf82,golang.org/x/sys,v0.0.0-20200122134326-e047566fdf82,golang,0,0,0,0,,,jradman12/XML-BSEP:XML/common/go.mod,,,,,,[]
golang.org/x/sys@v0.0.0-20200202164722-d101bd2416d5,golang.org/x/sys,v0.0.0-20200202164722-d101bd2416d5,golang,0,0,0,0,,,jradman12/XML-BSEP:XML/common/go.mod,,,,,,[]
golang.org/x/sys@v0.0.0-20200212091648-12a6c2dcc1e4,golang.org/x/sys,v0.0.0-20200212091648-12a6c2dcc1e4,golang,0,0,0,0,,,jradman12/XML-BSEP:XML/common/go.mod,,,,,,[]
golang.org/x/sys@v0.0.0-20200223170610-d5e6a3e2c0ae,golang.org/x/sys,v0.0.0-20200223170610-d5e6a3e2c0ae,golang,0,0,0,0,,,jradman12/XML-BSEP:XML/common/go.mod,,,,,,[]
golang.org/x/sys@v0.0.0-20200302150141-5c8b2ff67527,golang.org/x/sys,v0.0.0-20200302150141-5c8b2ff67527,golang,0,0,0,0,,,jradman12/XML-BSEP:XML/common/go.mod,,,,,,[]
golang.org/x/sys@v0.0.0-20200323222414-85ca7c5b95cd,golang.org/x/sys,v0.0.0-20200323222414-85ca7c5b95cd,golang,0,0,0,0,,,jradman12/XML-BSEP:XML/common/go.mod,,,,,,[]
golang.org/x/sys@v0.0.0-20200331124033-c3d80250170d,golang.org/x/sys,v0.0.0-20200331124033-c3d80250170d,golang,0,0,0,0,,,jradman12/XML-BSEP:XML/common/go.mod,,,,,,[]
golang.org/x/sys@v0.0.0-20200501052902-10377860bb8e,golang.org/x/sys,v0.0.0-20200501052902-10377860bb8e,golang,0,0,0,0,,,jradman12/XML-BSEP:XML/common/go.mod,,,,,,[]
golang.org/x/sys@v0.0.0-20200511232937-7e40ca221e25,golang.org/x/sys,v0.0.0-20200511232937-7e40ca221e25,golang,0,0,0,0,,,jradman12/XML-BSEP:XML/common/go.mod,,,,,,[]
golang.org/x/sys@v0.0.0-20200515095857-1151b9dac4a9,golang.org/x/sys,v0.0.0-20200515095857-1151b9dac4a9,golang,0,0,0,0,,,jradman12/XML-BSEP:XML/common/go.mod,,,,,,[]
golang.org/x/sys@v0.0.0-20200523222454-059865788121,golang.org/x/sys,v0.0.0-20200523222454-059865788121,golang,0,0,0,0,,,jradman12/XML-BSEP:XML/common/go.mod,,,,,,[]
golang.org/x/sys@v0.0.0-20200803210538-64077c9b5642,golang.org/x/sys,v0.0.0-20200803210538-64077c9b5642,golang,0,0,0,0,,,jradman12/XML-BSEP:XML/common/go.mod,,,,,,[]
golang.org/x/sys@v0.0.0-20200930185726-fdedc70b468f,golang.org/x/sys,v0.0.0-20200930185726-fdedc70b468f,golang,0,0,0,0,,,jradman12/XML-BSEP:XML/common/go.mod,,,,,,[]
golang.org/x/sys@v0.0.0-20201119102817-f84b799fce68,golang.org/x/sys,v0.0.0-20201119102817-f84b799fce68,golang,0,0,0,0,,,jradman12/XML-BSEP:XML/common/go.mod,,,,,,[]
golang.org/x/sys@v0.0.0-20210119212857-b64e53b001e4,golang.org/x/sys,v0.0.0-20210119212857-b64e53b001e4,golang,0,0,0,0,,,jradman12/XML-BSEP:XML/common/go.mod,,,,,,[]
golang.org/x/sys@v0.0.0-20210330210617-4fbd30eecc44,golang.org/x/sys,v0.0.0-20210330210617-4fbd30eecc44,golang,0,0,0,0,,,jradman12/XML-BSEP:XML/common/go.mod,,,,,,[]
golang.org/x/sys@v0.0.0-20210510120138-977fb7262007,golang.org/x/sys,v0.0.0-20210510120138-977fb7262007,golang,0,0,0,0,,,jradman12/XML-BSEP:XML/common/go.mod,,,,,,[]
golang.org/x/term@v0.0.0-20201126162022-7de9c90e9dd1,golang.org/x/term,v0.0.0-20201126162022-7de9c90e9dd1,golang,0,0,0,0,,,jradman12/XML-BSEP:XML/common/go.mod,,,,,,[]
golang.org/x/text@v0.0.0-20170915032832-14c0d48ead0c,golang.org/x/text,v0.0.0-20170915032832-14c0d48ead0c,golang,0,1,1,0,,,jradman12/XML-BSEP:XML/common/go.mod,,,,,,[]
golang.org/x/text@v0.3.0,golang.org/x/text,v0.3.0,golang,0,37,37,0,,BSD-3-Clause,jradman12/XML-BSEP:XML/common/go.mod,https://app.snyk.io/vuln/snyk:lic:BSD-3-Clause,,,,,[]
golang.org/x/text@v0.3.1-0.20180807135948-17ff2d5776d2,golang.org/x/text,v0.3.1-0.20180807135948-17ff2d5776d2,golang,0,1,1,0,,,jradman12/XML-BSEP:XML/common/go.mod,,,,,,[]
golang.org/x/text@v0.3.2,golang.org/x/text,v0.3.2,golang,0,28,28,0,,BSD-3-Clause,jradman12/XML-BSEP:XML/common/go.mod,https://app.snyk.io/vuln/snyk:lic:BSD-3-Clause,,,,,[]
golang.org/x/text@v0.3.3,golang.org/x/text,v0.3.3,golang,0,0,7,0,,BSD-3-Clause,jradman12/XML-BSEP:XML/common/go.mod,https://app.snyk.io/vuln/snyk:lic:BSD-3-Clause,,,,,[]
golang.org/x/text@v0.3.5,golang.org/x/text,v0.3.5,golang,0,0,2,0,,BSD-3-Clause,jradman12/XML-BSEP:XML/common/go.mod,https://app.snyk.io/vuln/snyk:lic:BSD-3-Clause,,,,,[]
golang.org/x/text@v0.3.7,golang.org/x/text,v0.3.7,golang,0,0,0,0,,BSD-3-Clause,jradman12/XML-BSEP:XML/common/go.mod,https://app.snyk.io/vuln/snyk:lic:BSD-3-Clause,,,,,[]
golang.org/x/time@v0.0.0-20181108054448-85acf8d2951c,golang.org/x/time,v0.0.0-20181108054448-85acf8d2951c,golang,0,0,0,0,,,jradman12/XML-BSEP:XML/common/go.mod,,,,,,[]
golang.org/x/time@v0.0.0-20190308202827-9d24e82272b4,golang.org/x/time,v0.0.0-20190308202827-9d24e82272b4,golang,0,0,0,0,,,jradman12/XML-BSEP:XML/common/go.mod,,,,,,[]
golang.org/x/time@v0.0.0-20191024005414-555d28b269f0,golang.org/x/time,v0.0.0-20191024005414-555d28b269f0,golang,0,0,0,0,,,jradman12/XML-BSEP:XML/common/go.mod,,,,,,[]
golang.org/x/tools@v0.0.0-20180917221912-90fa682c2a6e,golang.org/x/tools,v0.0.0-20180917221912-90fa682c2a6e,golang,0,0,0,0,,,jradman12/XML-BSEP:XML/common/go.mod,,,,,,[]
golang.org/x/tools@v0.0.0-20190114222345-bf090417da8b,golang.org/x/tools,v0.0.0-20190114222345-bf090417da8b,golang,0,0,0,0,,,jradman12/XML-BSEP:XML/common/go.mod,,,,,,[]
golang.org/x/tools@v0.0.0-20190226205152-f727befe758c,golang.org/x/tools,v0.0.0-20190226205152-f727befe758c,golang,0,0,0,0,,,jradman12/XML-BSEP:XML/common/go.mod,,,,,,[]
golang.org/x/tools@v0.0.0-20190311212946-11955173bddd,golang.org/x/tools,v0.0.0-20190311212946-11955173bddd,golang,0,0,0,0,golang.org/x/crypto@v0.0.0-20190308221718-c2843e01d9a2,,jradman12/XML-BSEP:XML/common/go.mod,,,,,,[]
golang.org/x/tools@v0.0.0-20190312151545-0bb0c0a6e846,golang.org/x/tools,v0.0.0-20190312151545-0bb0c0a6e846,golang,0,0,0,0,,,jradman12/XML-BSEP:XML/common/go.mod,,,,,,[]
golang.org/x/tools@v0.0.0-20190312170243-e65039ee4138,golang.org/x/tools,v0.0.0-20190312170243-e65039ee4138,golang,0,0,0,0,,,jradman12/XML-BSEP:XML/common/go.mod,,,,,,[]
golang.org/x/tools@v0.0.0-20190425150028-36563e24a262,golang.org/x/tools,v0.0.0-20190425150028-36563e24a262,golang,0,0,0,0,golang.org/x/crypto@v0.0.0-20190308221718-c2843e01d9a2,,jradman12/XML-BSEP:XML/common/go.mod,,,,,,[]
golang.org/x/tools@v0.0.0-20190506145303-2d16b83fe98c,golang.org/x/tools,v0.0.0-20190506145303-2d16b83fe98c,golang,0,0,0,0,,,jradman12/XML-BSEP:XML/common/go.mod,,,,,,[]
golang.org/x/tools@v0.0.0-20190524140312-2c0ae7006135,golang.org/x/tools,v0.0.0-20190524140312-2c0ae7006135,golang,0,0,0,0,,,jradman12/XML-BSEP:XML/common/go.mod,,,,,,[]
golang.org/x/tools@v0.0.0-20190606124116-d0a3d012864b,golang.org/x/tools,v0.0.0-20190606124116-d0a3d012864b,golang,0,0,0,0,,,jradman12/XML-BSEP:XML/common/go.mod,,,,,,[]
golang.org/x/tools@v0.0.0-20190621195816-6e04913cbbac,golang.org/x/tools,v0.0.0-20190621195816-6e04913cbbac,golang,0,0,0,0,,,jradman12/XML-BSEP:XML/common/go.mod,,,,,,[]
golang.org/x/tools@v0.0.0-20190628153133-6cdbf07be9d0,golang.org/x/tools,v0.0.0-20190628153133-6cdbf07be9d0,golang,0,0,0,0,,,jradman12/XML-BSEP:XML/common/go.mod,,,,,,[]
golang.org/x/tools@v0.0.0-20190816200558-6889da9d5479,golang.org/x/tools,v0.0.0-20190816200558-6889da9d5479,golang,0,0,0,0,,,jradman12/XML-BSEP:XML/common/go.mod,,,,,,[]
golang.org/x/tools@v0.0.0-20190911174233-4f2ddba30aff,golang.org/x/tools,v0.0.0-20190911174233-4f2ddba30aff,golang,0,0,0,0,,,jradman12/XML-BSEP:XML/common/go.mod,,,,,,[]
golang.org/x/tools@v0.0.0-20191012152004-8de300cfc20a,golang.org/x/tools,v0.0.0-20191012152004-8de300cfc20a,golang,0,0,0,0,,,jradman12/XML-BSEP:XML/common/go.mod,,,,,,[]
golang.org/x/tools@v0.0.0-20191113191852-77e3bb0ad9e7,golang.org/x/tools,v0.0.0-20191113191852-77e3bb0ad9e7,golang,0,0,0,0,,,jradman12/XML-BSEP:XML/common/go.mod,,,,,,[]
golang.org/x/tools@v0.0.0-20191115202509-3a792d9c32b2,golang.org/x/tools,v0.0.0-20191115202509-3a792d9c32b2,golang,0,0,0,0,,,jradman12/XML-BSEP:XML/common/go.mod,,,,,,[]
golang.org/x/tools@v0.0.0-20191119224855-298f0cb1881e,golang.org/x/tools,v0.0.0-20191119224855-298f0cb1881e,golang,0,0,0,0,,,jradman12/XML-BSEP:XML/common/go.mod,,,,,,[]
golang.org/x/tools@v0.0.0-20191125144606-a911d9008d1f,golang.org/x/tools,v0.0.0-20191125144606-a911d9008d1f,golang,0,0,0,0,,,jradman12/XML-BSEP:XML/common/go.mod,,,,,,[]
golang.org/x/tools@v0.0.0-20191130070609-6e064ea0cf2d,golang.org/x/tools,v0.0.0-20191130070609-6e064ea0cf2d,golang,0,0,0,0,,,jradman12/XML-BSEP:XML/common/go.mod,,,,,,[]
golang.org/x/tools@v0.0.0-20191216173652-a0e659d51361,golang.org/x/tools,v0.0.0-20191216173652-a0e659d51361,golang,0,0,0,0,,,jradman12/XML-BSEP:XML/common/go.mod,,,,,,[]
golang.org/x/tools@v0.0.0-20191227053925-7b8e75db28f4,golang.org/x/tools,v0.0.0-20191227053925-7b8e75db28f4,golang,0,0,0,0,,,jradman12/XML-BSEP:XML/common/go.mod,,,,,,[]
golang.org/x/tools@v0.0.0-20200117161641-43d50277825c,golang.org/x/tools,v0.0.0-20200117161641-43d50277825c,golang,0,0,0,0,,,jradman12/XML-BSEP:XML/common/go.mod,,,,,,[]
golang.org/x/tools@v0.0.0-20200122220014-bf1340f18c4a,golang.org/x/tools,v0.0.0-20200122220014-bf1340f18c4a,golang,0,0,0,0,,,jradman12/XML-BSEP:XML/common/go.mod,,,,,,[]
golang.org/x/tools@v0.0.0-20200130002326-2f3ba24bd6e7,golang.org/x/tools,v0.0.0-20200130002326-2f3ba24bd6e7,golang,0,0,0,0,,,jradman12/XML-BSEP:XML/common/go.mod,,,,,,[]
golang.org/x/tools@v0.0.0-20200204074204-1cc6d1ef6c74,golang.org/x/tools,v0.0.0-20200204074204-1cc6d1ef6c74,golang,0,0,0,0,,,jradman12/XML-BSEP:XML/common/go.mod,,,,,,[]
golang.org/x/tools@v0.0.0-20200207183749-b753a1ba74fa,golang.org/x/tools,v0.0.0-20200207183749-b753a1ba74fa,golang,0,0,0,0,,,jradman12/XML-BSEP:XML/common/go.mod,,,,,,[]
golang.org/x/tools@v0.0.0-20200212150539-ea181f53ac56,golang.org/x/tools,v0.0.0-20200212150539-ea181f53ac56,golang,0,0,0,0,,,jradman12/XML-BSEP:XML/common/go.mod,,,,,,[]
golang.org/x/tools@v0.0.0-20200224181240-023911ca70b2,golang.org/x/tools,v0.0.0-20200224181240-023911ca70b2,golang,0,0,0,0,,,jradman12/XML-BSEP:XML/common/go.mod,,,,,,[]
golang.org/x/tools@v0.0.0-20200227222343-706bc42d1f0d,golang.org/x/tools,v0.0.0-20200227222343-706bc42d1f0d,golang,0,0,0,0,,,jradman12/XML-BSEP:XML/common/go.mod,,,,,,[]
golang.org/x/tools@v0.0.0-20200304193943-95d2e580d8eb,golang.org/x/tools,v0.0.0-20200304193943-95d2e580d8eb,golang,0,0,0,0,,,jradman12/XML-BSEP:XML/common/go.mod,,,,,,[]
golang.org/x/tools@v0.0.0-20200312045724-11d5b4c81c7d,golang.org/x/tools,v0.0.0-20200312045724-11d5b4c81c7d,golang,0,0,0,0,,,jradman12/XML-BSEP:XML/common/go.mod,,,,,,[]
golang.org/x/tools@v0.0.0-20200331025713-a30bf2db82d4,golang.org/x/tools,v0.0.0-20200331025713-a30bf2db82d4,golang,0,0,0,0,,,jradman12/XML-BSEP:XML/common/go.mod,,,,,,[]
golang.org/x/tools@v0.0.0-20200501065659-ab2804fb9c9d,golang.org/x/tools,v0.0.0-20200501065659-ab2804fb9c9d,golang,0,0,0,0,,,jradman12/XML-BSEP:XML/common/go.mod,,,,,,[]
golang.org/x/tools@v0.0.0-20200512131952-2bc93b1c0c88,golang.org/x/tools,v0.0.0-20200512131952-2bc93b1c0c88,golang,0,0,0,0,,,jradman12/XML-BSEP:XML/common/go.mod,,,,,,[]
golang.org/x/tools@v0.0.0-20200515010526-7d3b6ebf133d,golang.org/x/tools,v0.0.0-20200515010526-7d3b6ebf133d,golang,0,0,0,0,,,jradman12/XML-BSEP:XML/common/go.mod,,,,,,[]
golang.org/x/tools@v0.0.0-20200618134242-20370b0cb4b2,golang.org/x/tools,v0.0.0-20200618134242-20370b0cb4b2,golang,0,0,0,0,,,jradman12/XML-BSEP:XML/common/go.mod,,,,,,[]
golang.org/x/tools@v0.0.0-20200729194436-6467de6f59a7,golang.org/x/tools,v0.0.0-20200729194436-6467de6f59a7,golang,0,0,0,0,,,jradman12/XML-BSEP:XML/common/go.mod,,,,,,[]
golang.org/x/tools@v0.0.0-20200804011535-6c149bb5ef0d,golang.org/x/tools,v0.0.0-20200804011535-6c149bb5ef0d,golang,0,0,0,0,,,jradman12/XML-BSEP:XML/common/go.mod,,,,,,[]
golang.org/x/tools@v0.0.0-20200825202427-b303f430e36d,golang.org/x/tools,v0.0.0-20200825202427-b303f430e36d,golang,0,0,0,0,,,jradman12/XML-BSEP:XML/common/go.mod,,,,,,[]
golang.org/x/tools@v0.1.3,golang.org/x/tools,v0.1.3,golang,0,0,0,0,,BSD-3-Clause,jradman12/XML-BSEP:XML/common/go.mod,https://app.snyk.io/vuln/snyk:lic:BSD-3-Clause,,,,,[]
golang.org/x/xerrors@v0.0.0-20190717185122-a985d3407aa7,golang.org/x/xerrors,v0.0.0-20190717185122-a985d3407aa7,golang,0,0,0,0,,,jradman12/XML-BSEP:XML/common/go.mod,,,,,,[]
golang.org/x/xerrors@v0.0.0-20191011141410-1b5146add898,golang.org/x/xerrors,v0.0.0-20191011141410-1b5146add898,golang,0,0,0,0,,,jradman12/XML-BSEP:XML/common/go.mod,,,,,,[]
golang.org/x/xerrors@v0.0.0-20191204190536-9bdfabe68543,golang.org/x/xerrors,v0.0.0-20191204190536-9bdfabe68543,golang,0,0,0,0,,,jradman12/XML-BSEP:XML/common/go.mod,,,,,,[]
golang.org/x/xerrors@v0.0.0-20200804184101-5ec99f83aff1,golang.org/x/xerrors,v0.0.0-20200804184101-5ec99f83aff1,golang,0,0,0,0,,,jradman12/XML-BSEP:XML/common/go.mod,,,,,,[]
google.golang.org/api@v0.13.0,google.golang.org/api,v0.13.0,golang,0,0,0,0,golang.org/x/text@v0.3.2,BSD-3-Clause,jradman12/XML-BSEP:XML/common/go.mod,https://app.snyk.io/vuln/snyk:lic:BSD-3-Clause,,,,,[]
google.golang.org/api@v0.14.0,google.golang.org/api,v0.14.0,golang,0,0,0,0,golang.org/x/text@v0.3.2,BSD-3-Clause,jradman12/XML-BSEP:XML/common/go.mod,https://app.snyk.io/vuln/snyk:lic:BSD-3-Clause,,,,,[]
google.golang.org/api@v0.15.0,google.golang.org/api,v0.15.0,golang,0,0,0,0,golang.org/x/text@v0.3.2,BSD-3-Clause,jradman12/XML-BSEP:XML/common/go.mod,https://app.snyk.io/vuln/snyk:lic:BSD-3-Clause,,,,,[]
google.golang.org/api@v0.17.0,google.golang.org/api,v0.17.0,golang,0,0,0,0,golang.org/x/text@v0.3.2,BSD-3-Clause,jradman12/XML-BSEP:XML/common/go.mod,https://app.snyk.io/vuln/snyk:lic:BSD-3-Clause,,,,,[]
google.golang.org/api@v0.18.0,google.golang.org/api,v0.18.0,golang,0,0,0,0,golang.org/x/text@v0.3.2,BSD-3-Clause,jradman12/XML-BSEP:XML/common/go.mod,https://app.snyk.io/vuln/snyk:lic:BSD-3-Clause,,,,,[]
google.golang.org/api@v0.19.0,google.golang.org/api,v0.19.0,golang,0,0,0,0,golang.org/x/text@v0.3.2,BSD-3-Clause,jradman12/XML-BSEP:XML/common/go.mod,https://app.snyk.io/vuln/snyk:lic:BSD-3-Clause,,,,,[]
google.golang.org/api@v0.20.0,google.golang.org/api,v0.20.0,golang,0,0,0,0,golang.org/x/text@v0.3.2,BSD-3-Clause,jradman12/XML-BSEP:XML/common/go.mod,https://app.snyk.io/vuln/snyk:lic:BSD-3-Clause,,,,,[]
google.golang.org/api@v0.22.0,google.golang.org/api,v0.22.0,golang,0,0,0,0,golang.org/x/text@v0.3.2,BSD-3-Clause,jradman12/XML-BSEP:XML/common/go.mod,https://app.snyk.io/vuln/snyk:lic:BSD-3-Clause,,,,,[]
google.golang.org/api@v0.24.0,google.golang.org/api,v0.24.0,golang,0,0,0,0,,BSD-3-Clause,jradman12/XML-BSEP:XML/common/go.mod,https://app.snyk.io/vuln/snyk:lic:BSD-3-Clause,,,,,[]
google.golang.org/api@v0.28.0,google.golang.org/api,v0.28.0,golang,0,0,0,0,,BSD-3-Clause,jradman12/XML-BSEP:XML/common/go.mod,https://app.snyk.io/vuln/snyk:lic:BSD-3-Clause,,,,,[]
google.golang.org/api@v0.29.0,google.golang.org/api,v0.29.0,golang,0,0,0,0,,BSD-3-Clause,jradman12/XML-BSEP:XML/common/go.mod,https://app.snyk.io/vuln/snyk:lic:BSD-3-Clause,,,,,[]
google.golang.org/api@v0.30.0,google.golang.org/api,v0.30.0,golang,0,0,0,0,,BSD-3-Clause,jradman12/XML-BSEP:XML/common/go.mod,https://app.snyk.io/vuln/snyk:lic:BSD-3-Clause,,,,,[]
google.golang.org/api@v0.4.0,google.golang.org/api,v0.4.0,golang,0,0,0,0,,BSD-3-Clause,jradman12/XML-BSEP:XML/common/go.mod,https://app.snyk.io/vuln/snyk:lic:BSD-3-Clause,,,,,[]
google.golang.org/api@v0.7.0,google.golang.org/api,v0.7.0,golang,0,0,0,0,golang.org/x/text@v0.3.2,BSD-3-Clause,jradman12/XML-BSEP:XML/common/go.mod,https://app.snyk.io/vuln/snyk:lic:BSD-3-Clause,,,,,[]
google.golang.org/api@v0.8.0,google.golang.org/api,v0.8.0,golang,0,0,0,0,"golang.org/x/crypto@v0.0.0-20190308221718-c2843e01d9a2, golang.org/x/text@v0.3.2",BSD-3-Clause,jradman12/XML-BSEP:XML/common/go.mod,https://app.snyk.io/vuln/snyk:lic:BSD-3-Clause,,,,,[]
google.golang.org/api@v0.9.0,google.golang.org/api,v0.9.0,golang,0,0,0,0,golang.org/x/text@v0.3.2,BSD-3-Clause,jradman12/XML-BSEP:XML/common/go.mod,https://app.snyk.io/vuln/snyk:lic:BSD-3-Clause,,,,,[]
google.golang.org/appengine@v1.1.0,google.golang.org/appengine,v1.1.0,golang,0,0,0,0,,Apache-2.0,jradman12/XML-BSEP:XML/common/go.mod,https://app.snyk.io/vuln/snyk:lic:Apache-2.0,,,,,[]
google.golang.org/appengine@v1.4.0,google.golang.org/appengine,v1.4.0,golang,0,0,0,0,,Apache-2.0,jradman12/XML-BSEP:XML/common/go.mod,https://app.snyk.io/vuln/snyk:lic:Apache-2.0,,,,,[]
google.golang.org/appengine@v1.5.0,google.golang.org/appengine,v1.5.0,golang,0,0,0,0,,Apache-2.0,jradman12/XML-BSEP:XML/common/go.mod,https://app.snyk.io/vuln/snyk:lic:Apache-2.0,,,,,[]
google.golang.org/appengine@v1.6.1,google.golang.org/appengine,v1.6.1,golang,0,0,0,0,"golang.org/x/crypto@v0.0.0-20190308221718-c2843e01d9a2, golang.org/x/text@v0.3.2",Apache-2.0,jradman12/XML-BSEP:XML/common/go.mod,https://app.snyk.io/vuln/snyk:lic:Apache-2.0,,,,,[]
google.golang.org/appengine@v1.6.5,google.golang.org/appengine,v1.6.5,golang,0,0,0,0,golang.org/x/text@v0.3.2,Apache-2.0,jradman12/XML-BSEP:XML/common/go.mod,https://app.snyk.io/vuln/snyk:lic:Apache-2.0,,,,,[]
google.golang.org/appengine@v1.6.6,google.golang.org/appengine,v1.6.6,golang,0,0,0,0,golang.org/x/text@v0.3.2,Apache-2.0,jradman12/XML-BSEP:XML/common/go.mod,https://app.snyk.io/vuln/snyk:lic:Apache-2.0,,,,,[]
google.golang.org/genproto@v0.0.0-20180817151627-c66870c02cf8,google.golang.org/genproto,v0.0.0-20180817151627-c66870c02cf8,golang,0,0,0,0,,Apache-2.0,jradman12/XML-BSEP:XML/common/go.mod,https://app.snyk.io/vuln/snyk:lic:Apache-2.0,,,,,[]
google.golang.org/genproto@v0.0.0-20190307195333-5fe7a883aa19,google.golang.org/genproto,v0.0.0-20190307195333-5fe7a883aa19,golang,0,0,0,0,,Apache-2.0,jradman12/XML-BSEP:XML/common/go.mod,https://app.snyk.io/vuln/snyk:lic:Apache-2.0,,,,,[]
google.golang.org/genproto@v0.0.0-20190418145605-e7d98fc518a7,google.golang.org/genproto,v0.0.0-20190418145605-e7d98fc518a7,golang,0,0,0,0,,Apache-2.0,jradman12/XML-BSEP:XML/common/go.mod,https://app.snyk.io/vuln/snyk:lic:Apache-2.0,,,,,[]
google.golang.org/genproto@v0.0.0-20190425155659-357c62f0e4bb,google.golang.org/genproto,v0.0.0-20190425155659-357c62f0e4bb,golang,0,0,0,0,,Apache-2.0,jradman12/XML-BSEP:XML/common/go.mod,https://app.snyk.io/vuln/snyk:lic:Apache-2.0,,,,,[]
google.golang.org/genproto@v0.0.0-20190502173448-54afdca5d873,google.golang.org/genproto,v0.0.0-20190502173448-54afdca5d873,golang,0,0,0,0,,Apache-2.0,jradman12/XML-BSEP:XML/common/go.mod,https://app.snyk.io/vuln/snyk:lic:Apache-2.0,,,,,[]
google.golang.org/genproto@v0.0.0-20190801165951-fa694d86fc64,google.golang.org/genproto,v0.0.0-20190801165951-fa694d86fc64,golang,0,0,0,0,,Apache-2.0,jradman12/XML-BSEP:XML/common/go.mod,https://app.snyk.io/vuln/snyk:lic:Apache-2.0,,,,,[]
google.golang.org/genproto@v0.0.0-20190819201941-24fa4b261c55,google.golang.org/genproto,v0.0.0-20190819201941-24fa4b261c55,golang,0,0,0,0,,Apache-2.0,jradman12/XML-BSEP:XML/common/go.mod,https://app.snyk.io/vuln/snyk:lic:Apache-2.0,,,,,[]
google.golang.org/genproto@v0.0.0-20190911173649-1774047e7e51,google.golang.org/genproto,v0.0.0-20190911173649-1774047e7e51,golang,0,0,0,0,,Apache-2.0,jradman12/XML-BSEP:XML/common/go.mod,https://app.snyk.io/vuln/snyk:lic:Apache-2.0,,,,,[]
google.golang.org/genproto@v0.0.0-20191108220845-16a3f7862a1a,google.golang.org/genproto,v0.0.0-20191108220845-16a3f7862a1a,golang,0,0,0,0,,Apache-2.0,jradman12/XML-BSEP:XML/common/go.mod,https://app.snyk.io/vuln/snyk:lic:Apache-2.0,,,,,[]
google.golang.org/genproto@v0.0.0-20191115194625-c23dd37a84c9,google.golang.org/genproto,v0.0.0-20191115194625-c23dd37a84c9,golang,0,0,0,0,,Apache-2.0,jradman12/XML-BSEP:XML/common/go.mod,https://app.snyk.io/vuln/snyk:lic:Apache-2.0,,,,,[]
google.golang.org/genproto@v0.0.0-20191216164720-4f79533eabd1,google.golang.org/genproto,v0.0.0-20191216164720-4f79533eabd1,golang,0,0,0,0,,Apache-2.0,jradman12/XML-BSEP:XML/common/go.mod,https://app.snyk.io/vuln/snyk:lic:Apache-2.0,,,,,[]
google.golang.org/genproto@v0.0.0-20191230161307-f3c370f40bfb,google.golang.org/genproto,v0.0.0-20191230161307-f3c370f40bfb,golang,0,0,0,0,,Apache-2.0,jradman12/XML-BSEP:XML/common/go.mod,https://app.snyk.io/vuln/snyk:lic:Apache-2.0,,,,,[]
google.golang.org/genproto@v0.0.0-20200115191322-ca5a22157cba,google.golang.org/genproto,v0.0.0-20200115191322-ca5a22157cba,golang,0,0,0,0,,Apache-2.0,jradman12/XML-BSEP:XML/common/go.mod,https://app.snyk.io/vuln/snyk:lic:Apache-2.0,,,,,[]
google.golang.org/genproto@v0.0.0-20200122232147-0452cf42e150,google.golang.org/genproto,v0.0.0-20200122232147-0452cf42e150,golang,0,0,0,0,,Apache-2.0,jradman12/XML-BSEP:XML/common/go.mod,https://app.snyk.io/vuln/snyk:lic:Apache-2.0,,,,,[]
google.golang.org/genproto@v0.0.0-20200204135345-fa8e72b47b90,google.golang.org/genproto,v0.0.0-20200204135345-fa8e72b47b90,golang,0,0,0,0,,Apache-2.0,jradman12/XML-BSEP:XML/common/go.mod,https://app.snyk.io/vuln/snyk:lic:Apache-2.0,,,,,[]
google.golang.org/genproto@v0.0.0-20200212174721-66ed5ce911ce,google.golang.org/genproto,v0.0.0-20200212174721-66ed5ce911ce,golang,0,0,0,0,,Apache-2.0,jradman12/XML-BSEP:XML/common/go.mod,https://app.snyk.io/vuln/snyk:lic:Apache-2.0,,,,,[]
google.golang.org/genproto@v0.0.0-20200224152610-e50cd9704f63,google.golang.org/genproto,v0.0.0-20200224152610-e50cd9704f63,golang,0,0,0,0,,Apache-2.0,jradman12/XML-BSEP:XML/common/go.mod,https://app.snyk.io/vuln/snyk:lic:Apache-2.0,,,,,[]
google.golang.org/genproto@v0.0.0-20200228133532-8c2c7df3a383,google.golang.org/genproto,v0.0.0-20200228133532-8c2c7df3a383,golang,0,0,0,0,,Apache-2.0,jradman12/XML-BSEP:XML/common/go.mod,https://app.snyk.io/vuln/snyk:lic:Apache-2.0,,,,,[]
google.golang.org/genproto@v0.0.0-20200305110556-506484158171,google.golang.org/genproto,v0.0.0-20200305110556-506484158171,golang,0,0,0,0,,Apache-2.0,jradman12/XML-BSEP:XML/common/go.mod,https://app.snyk.io/vuln/snyk:lic:Apache-2.0,,,,,[]
google.golang.org/genproto@v0.0.0-20200312145019-da6875a35672,google.golang.org/genproto,v0.0.0-20200312145019-da6875a35672,golang,0,0,0,0,,Apache-2.0,jradman12/XML-BSEP:XML/common/go.mod,https://app.snyk.io/vuln/snyk:lic:Apache-2.0,,,,,[]
google.golang.org/genproto@v0.0.0-20200331122359-1ee6d9798940,google.golang.org/genproto,v0.0.0-20200331122359-1ee6d9798940,golang,0,0,0,0,,Apache-2.0,jradman12/XML-BSEP:XML/common/go.mod,https://app.snyk.io/vuln/snyk:lic:Apache-2.0,,,,,[]
google.golang.org/genproto@v0.0.0-20200430143042-b979b6f78d84,google.golang.org/genproto,v0.0.0-20200430143042-b979b6f78d84,golang,0,0,0,0,,Apache-2.0,jradman12/XML-BSEP:XML/common/go.mod,https://app.snyk.io/vuln/snyk:lic:Apache-2.0,,,,,[]
google.golang.org/genproto@v0.0.0-20200511104702-f5ebc3bea380,google.golang.org/genproto,v0.0.0-20200511104702-f5ebc3bea380,golang,0,0,0,0,,Apache-2.0,jradman12/XML-BSEP:XML/common/go.mod,https://app.snyk.io/vuln/snyk:lic:Apache-2.0,,,,,[]
google.golang.org/genproto@v0.0.0-20200513103714-09dca8ec2884,google.golang.org/genproto,v0.0.0-20200513103714-09dca8ec2884,golang,0,0,0,0,,Apache-2.0,jradman12/XML-BSEP:XML/common/go.mod,https://app.snyk.io/vuln/snyk:lic:Apache-2.0,,,,,[]
google.golang.org/genproto@v0.0.0-20200515170657-fc4c6c6a6587,google.golang.org/genproto,v0.0.0-20200515170657-fc4c6c6a6587,golang,0,0,0,0,,Apache-2.0,jradman12/XML-BSEP:XML/common/go.mod,https://app.snyk.io/vuln/snyk:lic:Apache-2.0,,,,,[]
google.golang.org/genproto@v0.0.0-20200526211855-cb27e3aa2013,google.golang.org/genproto,v0.0.0-20200526211855-cb27e3aa2013,golang,0,0,0,0,,Apache-2.0,jradman12/XML-BSEP:XML/common/go.mod,https://app.snyk.io/vuln/snyk:lic:Apache-2.0,,,,,[]
google.golang.org/genproto@v0.0.0-20200618031413-b414f8b61790,google.golang.org/genproto,v0.0.0-20200618031413-b414f8b61790,golang,0,0,0,0,,Apache-2.0,jradman12/XML-BSEP:XML/common/go.mod,https://app.snyk.io/vuln/snyk:lic:Apache-2.0,,,,,[]
google.golang.org/genproto@v0.0.0-20200729003335-053ba62fc06f,google.golang.org/genproto,v0.0.0-20200729003335-053ba62fc06f,golang,0,0,0,0,,Apache-2.0,jradman12/XML-BSEP:XML/common/go.mod,https://app.snyk.io/vuln/snyk:lic:Apache-2.0,,,,,[]
google.golang.org/genproto@v0.0.0-20200804131852-c06518451d9c,google.golang.org/genproto,v0.0.0-20200804131852-c06518451d9c,golang,0,0,0,0,,Apache-2.0,jradman12/XML-BSEP:XML/common/go.mod,https://app.snyk.io/vuln/snyk:lic:Apache-2.0,,,,,[]
google.golang.org/genproto@v0.0.0-20200825200019-8632dd797987,google.golang.org/genproto,v0.0.0-20200825200019-8632dd797987,golang,0,0,0,0,,Apache-2.0,jradman12/XML-BSEP:XML/common/go.mod,https://app.snyk.io/vuln/snyk:lic:Apache-2.0,,,,,[]
google.golang.org/genproto@v0.0.0-20210617175327-b9e0b3197ced,google.golang.org/genproto,v0.0.0-20210617175327-b9e0b3197ced,golang,0,0,0,0,gopkg.in/yaml.v2@v2.2.2,Apache-2.0,jradman12/XML-BSEP:XML/common/go.mod,https://app.snyk.io/vuln/snyk:lic:Apache-2.0,,,,,[]
google.golang.org/genproto@v0.0.0-20220519153652-3a47de7e79bd,google.golang.org/genproto,v0.0.0-20220519153652-3a47de7e79bd,golang,0,0,0,0,"golang.org/x/crypto@v0.0.0-20190308221718-c2843e01d9a2, gopkg.in/yaml.v2@v2.2.2, gopkg.in/yaml.v3@v3.0.0-20200313102051-9f266ea9e77c",Apache-2.0,jradman12/XML-BSEP:XML/common/go.mod,https://app.snyk.io/vuln/snyk:lic:Apache-2.0,,,,,[]
google.golang.org/grpc@v1.19.0,google.golang.org/grpc,v1.19.0,golang,0,0,0,0,,Apache-2.0,jradman12/XML-BSEP:XML/common/go.mod,https://app.snyk.io/vuln/snyk:lic:Apache-2.0,,,,,[]
google.golang.org/grpc@v1.20.1,google.golang.org/grpc,v1.20.1,golang,0,0,0,0,,Apache-2.0,jradman12/XML-BSEP:XML/common/go.mod,https://app.snyk.io/vuln/snyk:lic:Apache-2.0,,,,,[]
google.golang.org/grpc@v1.21.1,google.golang.org/grpc,v1.21.1,golang,0,0,0,0,,Apache-2.0,jradman12/XML-BSEP:XML/common/go.mod,https://app.snyk.io/vuln/snyk:lic:Apache-2.0,,,,,[]
google.golang.org/grpc@v1.23.0,google.golang.org/grpc,v1.23.0,golang,0,0,0,0,golang.org/x/crypto@v0.0.0-20190308221718-c2843e01d9a2,Apache-2.0,jradman12/XML-BSEP:XML/common/go.mod,https://app.snyk.io/vuln/snyk:lic:Apache-2.0,,,,,[]
google.golang.org/grpc@v1.25.1,google.golang.org/grpc,v1.25.1,golang,0,0,0,0,golang.org/x/crypto@v0.0.0-20190308221718-c2843e01d9a2,Apache-2.0,jradman12/XML-BSEP:XML/common/go.mod,https://app.snyk.io/vuln/snyk:lic:Apache-2.0,,,,,[]
google.golang.org/grpc@v1.26.0,google.golang.org/grpc,v1.26.0,golang,0,0,0,0,,Apache-2.0,jradman12/XML-BSEP:XML/common/go.mod,https://app.snyk.io/vuln/snyk:lic:Apache-2.0,,,,,[]
google.golang.org/grpc@v1.27.0,google.golang.org/grpc,v1.27.0,golang,0,0,0,0,,Apache-2.0,jradman12/XML-BSEP:XML/common/go.mod,https://app.snyk.io/vuln/snyk:lic:Apache-2.0,,,,,[]
google.golang.org/grpc@v1.27.1,google.golang.org/grpc,v1.27.1,golang,0,0,0,0,,Apache-2.0,jradman12/XML-BSEP:XML/common/go.mod,https://app.snyk.io/vuln/snyk:lic:Apache-2.0,,,,,[]
google.golang.org/grpc@v1.28.0,google.golang.org/grpc,v1.28.0,golang,0,0,0,0,,Apache-2.0,jradman12/XML-BSEP:XML/common/go.mod,https://app.snyk.io/vuln/snyk:lic:Apache-2.0,,,,,[]
google.golang.org/grpc@v1.29.1,google.golang.org/grpc,v1.29.1,golang,0,0,0,0,,Apache-2.0,jradman12/XML-BSEP:XML/common/go.mod,https://app.snyk.io/vuln/snyk:lic:Apache-2.0,,,,,[]
google.golang.org/grpc@v1.30.0,google.golang.org/grpc,v1.30.0,golang,0,0,0,0,,Apache-2.0,jradman12/XML-BSEP:XML/common/go.mod,https://app.snyk.io/vuln/snyk:lic:Apache-2.0,,,,,[]
google.golang.org/grpc@v1.31.0,google.golang.org/grpc,v1.31.0,golang,0,0,0,0,,Apache-2.0,jradman12/XML-BSEP:XML/common/go.mod,https://app.snyk.io/vuln/snyk:lic:Apache-2.0,,,,,[]
google.golang.org/grpc@v1.33.1,google.golang.org/grpc,v1.33.1,golang,0,0,0,0,,Apache-2.0,jradman12/XML-BSEP:XML/common/go.mod,https://app.snyk.io/vuln/snyk:lic:Apache-2.0,,,,,[]
google.golang.org/grpc@v1.36.0,google.golang.org/grpc,v1.36.0,golang,0,0,0,0,gopkg.in/yaml.v2@v2.2.2,Apache-2.0,jradman12/XML-BSEP:XML/common/go.mod,https://app.snyk.io/vuln/snyk:lic:Apache-2.0,,,,,[]
google.golang.org/grpc@v1.38.0,google.golang.org/grpc,v1.38.0,golang,0,0,0,0,gopkg.in/yaml.v2@v2.2.2,Apache-2.0,jradman12/XML-BSEP:XML/common/go.mod,https://app.snyk.io/vuln/snyk:lic:Apache-2.0,,,,,[]
google.golang.org/grpc@v1.46.0,google.golang.org/grpc,v1.46.0,golang,0,0,0,0,"golang.org/x/crypto@v0.0.0-20190308221718-c2843e01d9a2, gopkg.in/yaml.v2@v2.2.2, gopkg.in/yaml.v3@v3.0.0-20200313102051-9f266ea9e77c",Apache-2.0,jradman12/XML-BSEP:XML/common/go.mod,https://app.snyk.io/vuln/snyk:lic:Apache-2.0,,,,,[]
google.golang.org/grpc@v1.46.2,google.golang.org/grpc,v1.46.2,golang,0,0,0,0,"golang.org/x/crypto@v0.0.0-20190308221718-c2843e01d9a2, gopkg.in/yaml.v2@v2.2.2, gopkg.in/yaml.v3@v3.0.0-20200313102051-9f266ea9e77c",Apache-2.0,jradman12/XML-BSEP:XML/common/go.mod,https://app.snyk.io/vuln/snyk:lic:Apache-2.0,,,,,[]
google.golang.org/protobuf@v0.0.0-20200109180630-ec00e32a8dfd,google.golang.org/protobuf,v0.0.0-20200109180630-ec00e32a8dfd,golang,0,0,0,0,,BSD-3-Clause,jradman12/XML-BSEP:XML/common/go.mod,https://app.snyk.io/vuln/snyk:lic:BSD-3-Clause,,,,,[]
google.golang.org/protobuf@v0.0.0-20200221191635-4d8936d0db64,google.golang.org/protobuf,v0.0.0-20200221191635-4d8936d0db64,golang,0,0,0,0,,BSD-3-Clause,jradman12/XML-BSEP:XML/common/go.mod,https://app.snyk.io/vuln/snyk:lic:BSD-3-Clause,,,,,[]
google.golang.org/protobuf@v0.0.0-20200228230310-ab0ca4ff8a60,google.golang.org/protobuf,v0.0.0-20200228230310-ab0ca4ff8a60,golang,0,0,0,0,,BSD-3-Clause,jradman12/XML-BSEP:XML/common/go.mod,https://app.snyk.io/vuln/snyk:lic:BSD-3-Clause,,,,,[]
google.golang.org/protobuf@v1.20.1-0.20200309200217-e05f789c0967,google.golang.org/protobuf,v1.20.1-0.20200309200217-e05f789c0967,golang,0,0,0,0,,BSD-3-Clause,jradman12/XML-BSEP:XML/common/go.mod,https://app.snyk.io/vuln/snyk:lic:BSD-3-Clause,,,,,[]
google.golang.org/protobuf@v1.21.0,google.golang.org/protobuf,v1.21.0,golang,0,0,0,0,,BSD-3-Clause,jradman12/XML-BSEP:XML/common/go.mod,https://app.snyk.io/vuln/snyk:lic:BSD-3-Clause,,,,,[]
google.golang.org/protobuf@v1.22.0,google.golang.org/protobuf,v1.22.0,golang,0,0,0,0,,BSD-3-Clause,jradman12/XML-BSEP:XML/common/go.mod,https://app.snyk.io/vuln/snyk:lic:BSD-3-Clause,,,,,[]
google.golang.org/protobuf@v1.23.0,google.golang.org/protobuf,v1.23.0,golang,0,0,0,0,,BSD-3-Clause,jradman12/XML-BSEP:XML/common/go.mod,https://app.snyk.io/vuln/snyk:lic:BSD-3-Clause,,,,,[]
google.golang.org/protobuf@v1.23.1-0.20200526195155-81db48ad09cc,google.golang.org/protobuf,v1.23.1-0.20200526195155-81db48ad09cc,golang,0,0,0,0,,BSD-3-Clause,jradman12/XML-BSEP:XML/common/go.mod,https://app.snyk.io/vuln/snyk:lic:BSD-3-Clause,,,,,[]
google.golang.org/protobuf@v1.24.0,google.golang.org/protobuf,v1.24.0,golang,0,0,0,0,,BSD-3-Clause,jradman12/XML-BSEP:XML/common/go.mod,https://app.snyk.io/vuln/snyk:lic:BSD-3-Clause,,,,,[]
google.golang.org/protobuf@v1.25.0,google.golang.org/protobuf,v1.25.0,golang,0,0,0,0,,BSD-3-Clause,jradman12/XML-BSEP:XML/common/go.mod,https://app.snyk.io/vuln/snyk:lic:BSD-3-Clause,,,,,[]
google.golang.org/protobuf@v1.26.0,google.golang.org/protobuf,v1.26.0,golang,0,0,0,0,,BSD-3-Clause,jradman12/XML-BSEP:XML/common/go.mod,https://app.snyk.io/vuln/snyk:lic:BSD-3-Clause,,,,,[]
google.golang.org/protobuf@v1.26.0-rc.1,google.golang.org/protobuf,v1.26.0-rc.1,golang,0,0,0,0,,BSD-3-Clause,jradman12/XML-BSEP:XML/common/go.mod,https://app.snyk.io/vuln/snyk:lic:BSD-3-Clause,,,,,[]
google.golang.org/protobuf@v1.27.1,google.golang.org/protobuf,v1.27.1,golang,0,0,0,0,,BSD-3-Clause,jradman12/XML-BSEP:XML/common/go.mod,https://app.snyk.io/vuln/snyk:lic:BSD-3-Clause,,,,,[]
google.golang.org/protobuf@v1.28.0,google.golang.org/protobuf,v1.28.0,golang,0,0,0,0,,BSD-3-Clause,jradman12/XML-BSEP:XML/common/go.mod,https://app.snyk.io/vuln/snyk:lic:BSD-3-Clause,,,,,[]
go.opencensus.io@v0.21.0,go.opencensus.io,v0.21.0,golang,0,0,0,0,,Apache-2.0,jradman12/XML-BSEP:XML/common/go.mod,https://app.snyk.io/vuln/snyk:lic:Apache-2.0,,,,,[]
go.opencensus.io@v0.22.0,go.opencensus.io,v0.22.0,golang,0,0,0,0,"golang.org/x/crypto@v0.0.0-20190308221718-c2843e01d9a2, golang.org/x/text@v0.3.2",Apache-2.0,jradman12/XML-BSEP:XML/common/go.mod,https://app.snyk.io/vuln/snyk:lic:Apache-2.0,,,,,[]
go.opencensus.io@v0.22.2,go.opencensus.io,v0.22.2,golang,0,0,0,0,"golang.org/x/text@v0.3.2, gopkg.in/yaml.v2@v2.2.2",Apache-2.0,jradman12/XML-BSEP:XML/common/go.mod,https://app.snyk.io/vuln/snyk:lic:Apache-2.0,,,,,[]
go.opencensus.io@v0.22.3,go.opencensus.io,v0.22.3,golang,0,0,0,0,golang.org/x/text@v0.3.2,Apache-2.0,jradman12/XML-BSEP:XML/common/go.mod,https://app.snyk.io/vuln/snyk:lic:Apache-2.0,,,,,[]
go.opencensus.io@v0.22.4,go.opencensus.io,v0.22.4,golang,0,0,0,0,golang.org/x/text@v0.3.2,Apache-2.0,jradman12/XML-BSEP:XML/common/go.mod,https://app.snyk.io/vuln/snyk:lic:Apache-2.0,,,,,[]
go.opentelemetry.io/proto/otlp@v0.7.0,go.opentelemetry.io/proto/otlp,v0.7.0,golang,0,0,0,0,"golang.org/x/crypto@v0.0.0-20190308221718-c2843e01d9a2, gopkg.in/yaml.v2@v2.2.2",Apache-2.0,jradman12/XML-BSEP:XML/common/go.mod,https://app.snyk.io/vuln/snyk:lic:Apache-2.0,,,,,[]
gopkg.in/check.v1@v0.0.0-20161208181325-20d25e280405,gopkg.in/check.v1,v0.0.0-20161208181325-20d25e280405,golang,0,0,0,0,,,jradman12/XML-BSEP:XML/common/go.mod,,,,,,[]
gopkg.in/check.v1@v1.0.0-20180628173108-788fd7840127,gopkg.in/check.v1,v1.0.0-20180628173108-788fd7840127,golang,0,0,0,0,,,jradman12/XML-BSEP:XML/common/go.mod,,,,,,[]
gopkg.in/errgo.v2@v2.1.0,gopkg.in/errgo.v2,v2.1.0,golang,0,0,0,0,,BSD-3-Clause,jradman12/XML-BSEP:XML/common/go.mod,https://app.snyk.io/vuln/snyk:lic:BSD-3-Clause,,,,,[]
gopkg.in/natefinch/lumberjack.v2@v2.0.0,gopkg.in/natefinch/lumberjack.v2,v2.0.0,golang,0,0,0,0,,MIT,jradman12/XML-BSEP:XML/common/go.mod,https://app.snyk.io/vuln/snyk:lic:MIT,,,,,[]
gopkg.in/yaml.v2@v2.2.2,gopkg.in/yaml.v2,v2.2.2,golang,0,0,8,0,,"Apache-2.0, MIT",jradman12/XML-BSEP:XML/common/go.mod,"https://app.snyk.io/vuln/snyk:lic:Apache-2.0, https://app.snyk.io/vuln/snyk:lic:MIT",,,,,[]
gopkg.in/yaml.v2@v2.2.3,gopkg.in/yaml.v2,v2.2.3,golang,0,0,2,0,,"Apache-2.0, MIT",jradman12/XML-BSEP:XML/common/go.mod,"https://app.snyk.io/vuln/snyk:lic:Apache-2.0, https://app.snyk.io/vuln/snyk:lic:MIT",,,,,[]
gopkg.in/yaml.v3@v3.0.0-20200313102051-9f266ea9e77c,gopkg.in/yaml.v3,v3.0.0-20200313102051-9f266ea9e77c,golang,0,2,0,0,,,jradman12/XML-BSEP:XML/common/go.mod,,,,,,[]
honnef.co/go/tools@v0.0.0-20190102054323-c2f93a96b099,honnef.co/go/tools,v0.0.0-20190102054323-c2f93a96b099,golang,0,0,0,0,,MIT,jradman12/XML-BSEP:XML/common/go.mod,https://app.snyk.io/vuln/snyk:lic:MIT,,,,,[]
honnef.co/go/tools@v0.0.0-20190106161140-3f1c8253044a,honnef.co/go/tools,v0.0.0-20190106161140-3f1c8253044a,golang,0,0,0,0,,MIT,jradman12/XML-BSEP:XML/common/go.mod,https://app.snyk.io/vuln/snyk:lic:MIT,,,,,[]
honnef.co/go/tools@v0.0.0-20190418001031-e561f6794a2a,honnef.co/go/tools,v0.0.0-20190418001031-e561f6794a2a,golang,0,0,0,0,,MIT,jradman12/XML-BSEP:XML/common/go.mod,https://app.snyk.io/vuln/snyk:lic:MIT,,,,,[]
honnef.co/go/tools@v0.0.0-20190523083050-ea95bdfd59fc,honnef.co/go/tools,v0.0.0-20190523083050-ea95bdfd59fc,golang,0,0,0,0,,MIT,jradman12/XML-BSEP:XML/common/go.mod,https://app.snyk.io/vuln/snyk:lic:MIT,,,,,[]
honnef.co/go/tools@v0.0.1-2019.2.3,honnef.co/go/tools,v0.0.1-2019.2.3,golang,0,0,0,0,,,jradman12/XML-BSEP:XML/common/go.mod,,,,,,[]
honnef.co/go/tools@v0.0.1-2020.1.3,honnef.co/go/tools,v0.0.1-2020.1.3,golang,0,0,0,0,,,jradman12/XML-BSEP:XML/common/go.mod,,,,,,[]
honnef.co/go/tools@v0.0.1-2020.1.4,honnef.co/go/tools,v0.0.1-2020.1.4,golang,0,0,0,0,,,jradman12/XML-BSEP:XML/common/go.mod,,,,,,[]
rsc.io/binaryregexp@v0.2.0,rsc.io/binaryregexp,v0.2.0,golang,0,0,0,0,,BSD-3-Clause,jradman12/XML-BSEP:XML/common/go.mod,https://app.snyk.io/vuln/snyk:lic:BSD-3-Clause,,,,,[]
rsc.io/quote@v3.1.0,rsc.io/quote,v3.1.0,golang,0,0,0,0,,BSD-3-Clause,jradman12/XML-BSEP:XML/common/go.mod,https://app.snyk.io/vuln/snyk:lic:BSD-3-Clause,,,,,[]
rsc.io/sampler@v1.3.0,rsc.io/sampler,v1.3.0,golang,0,0,0,0,,BSD-3-Clause,jradman12/XML-BSEP:XML/common/go.mod,https://app.snyk.io/vuln/snyk:lic:BSD-3-Clause,,,,,[]
