issue.url,issue.id,issue.title,issue.type,issue.package,issue.version,issue.severity,issue.originalSeverity,issue.uniqueSeveritiesList,issue.language,issue.packageManager,issue.semver.vulnerable,issue.semver.hashesRange,issue.isIgnored,issue.publicationTime,issue.disclosureTime,issue.isUpgradable,issue.isPatchable,issue.isPinnable,issue.identifiers.CVE,issue.identifiers.CWE,issue.identifiers.GHSA,issue.credit,issue.CVSSv3,issue.cvssScore,issue.patches,issue.isPatched,issue.exploitMaturity,issue.reachability,issue.priorityScore,issue.jiraIssueUrl,isFixed,introducedDate,project.url,project.id,project.name,project.source,project.packageManager,project.targetFile
http://security.snyk.io/vuln/SNYK-GOLANG-GITHUBCOMDGRIJALVAJWTGO-596515,SNYK-GOLANG-GITHUBCOMDGRIJALVAJWTGO-596515,Access Restriction Bypass,vuln,github.com/dgrijalva/jwt-go,v3.2.0+incompatible,high,,"[""high""]",golang,golang,"[""<4.0.0-preview1""]","[""v4.0.0-preview1""]",,2020-09-13T15:53:35.000Z,2020-07-30T13:22:28.000Z,,,,"[""CVE-2020-26160""]","[""CWE-287""]","[""GHSA-w73w-5m7g-f7qc""]","[""christopher-wong""]",CVSS:3.1/AV:N/AC:L/PR:N/UI:N/S:U/C:H/I:N/A:N,7.5,[],,no-known-exploit,,375,,,2022-06-17,https://snyk.io/org/jelenacleo/project/b30dacd0-75c4-4272-b5f8-97bb0afbfd8d,b30dacd0-75c4-4272-b5f8-97bb0afbfd8d,jradman12/XML-BSEP:XML/common/go.mod,github,gomodules,XML/common/go.mod
http://security.snyk.io/vuln/SNYK-GOLANG-GOLANGORGXCRYPTOSSH-2429769,SNYK-GOLANG-GOLANGORGXCRYPTOSSH-2429769,Denial of Service (DoS),vuln,golang.org/x/crypto,v0.0.0-20190308221718-c2843e01d9a2,medium,,"[""medium""]",golang,golang,"[""<0.0.0-20220314234659-1baeb1ce4c0b""]","[""<v0.0.0-20220314234659-1baeb1ce4c0b""]",,2022-03-18T14:39:32.483Z,2022-03-18T10:57:11.000Z,,,,"[""CVE-2022-27191""]","[""CWE-400""]",,"[""Filippo Valsorda""]",CVSS:3.1/AV:N/AC:H/PR:N/UI:N/S:U/C:N/I:N/A:H,5.9,[],,no-known-exploit,,295,,,2022-06-17,https://snyk.io/org/jelenacleo/project/b30dacd0-75c4-4272-b5f8-97bb0afbfd8d,b30dacd0-75c4-4272-b5f8-97bb0afbfd8d,jradman12/XML-BSEP:XML/common/go.mod,github,gomodules,XML/common/go.mod
http://security.snyk.io/vuln/SNYK-GOLANG-GOLANGORGXNETHTTP2-2313688,SNYK-GOLANG-GOLANGORGXNETHTTP2-2313688,Denial of Service (DoS),vuln,golang.org/x/net,v0.0.0-20180724234803-3673e40ba225,high,,"[""high""]",golang,golang,"[""<0.0.0-20211209124913-491a49abca63""]",[],,2021-12-09T16:52:21.000Z,2021-12-09T14:01:06.000Z,,,,"[""CVE-2021-44716""]","[""CWE-787""]",,"[""unknown""]",CVSS:3.1/AV:N/AC:L/PR:N/UI:N/S:U/C:N/I:N/A:H,7.5,[],,no-known-exploit,,375,,,2022-06-17,https://snyk.io/org/jelenacleo/project/b30dacd0-75c4-4272-b5f8-97bb0afbfd8d,b30dacd0-75c4-4272-b5f8-97bb0afbfd8d,jradman12/XML-BSEP:XML/common/go.mod,github,gomodules,XML/common/go.mod
http://security.snyk.io/vuln/SNYK-GOLANG-GOLANGORGXTEXTENCODINGUNICODE-609611,SNYK-GOLANG-GOLANGORGXTEXTENCODINGUNICODE-609611,Denial of Service (DoS),vuln,golang.org/x/text,v0.0.0-20170915032832-14c0d48ead0c,high,,"[""high""]",golang,golang,"[""<0.3.3""]","[""<23ae387dee1f90d29a23c0e87ee0b46038fbed0e""]",,2020-09-03T17:18:06.000Z,2020-06-09T17:23:20.000Z,,,,"[""CVE-2020-14040""]","[""CWE-400""]","[""GHSA-5rcv-m4m3-hfh7""]","[""Evgeny Kapun""]",CVSS:3.1/AV:N/AC:L/PR:N/UI:N/S:U/C:N/I:N/A:H/E:P/RL:O/RC:C,7.5,[],,proof-of-concept,,482,,,2022-06-17,https://snyk.io/org/jelenacleo/project/b30dacd0-75c4-4272-b5f8-97bb0afbfd8d,b30dacd0-75c4-4272-b5f8-97bb0afbfd8d,jradman12/XML-BSEP:XML/common/go.mod,github,gomodules,XML/common/go.mod
http://security.snyk.io/vuln/SNYK-GOLANG-GOPKGINYAMLV2-1083943,SNYK-GOLANG-GOPKGINYAMLV2-1083943,Denial of Service (DoS),vuln,gopkg.in/yaml.v2,v2.2.2,medium,,"[""medium""]",golang,golang,"[""<2.2.8""]","[""<53403b58ad1b561927d19068c655246f2db79d48""]",,2020-04-02T11:29:49.000Z,2020-03-26T11:30:05.000Z,,,,"[""CVE-2019-11254""]","[""CWE-1050""]",,"[""Unknown""]",CVSS:3.1/AV:N/AC:L/PR:L/UI:N/S:U/C:N/I:N/A:H,6.5,[],,no-known-exploit,,325,,,2022-06-17,https://snyk.io/org/jelenacleo/project/b30dacd0-75c4-4272-b5f8-97bb0afbfd8d,b30dacd0-75c4-4272-b5f8-97bb0afbfd8d,jradman12/XML-BSEP:XML/common/go.mod,github,gomodules,XML/common/go.mod
http://security.snyk.io/vuln/SNYK-GOLANG-GOPKGINYAMLV2-1533594,SNYK-GOLANG-GOPKGINYAMLV2-1533594,Denial of Service (DoS),vuln,gopkg.in/yaml.v2,v2.2.2,medium,,"[""medium""]",golang,golang,"[""<2.2.3""]","[""<v2.2.3""]",,2021-07-27T14:26:49.238Z,2021-04-14T12:00:00.000Z,,,,[],"[""CWE-400""]",,"[""Unknown""]",CVSS:3.1/AV:N/AC:L/PR:L/UI:N/S:U/C:N/I:N/A:H,6.5,[],,no-known-exploit,,325,,,2022-06-17,https://snyk.io/org/jelenacleo/project/b30dacd0-75c4-4272-b5f8-97bb0afbfd8d,b30dacd0-75c4-4272-b5f8-97bb0afbfd8d,jradman12/XML-BSEP:XML/common/go.mod,github,gomodules,XML/common/go.mod
http://security.snyk.io/vuln/SNYK-GOLANG-GOPKGINYAMLV3-2841557,SNYK-GOLANG-GOPKGINYAMLV3-2841557,Denial of Service (DoS),vuln,gopkg.in/yaml.v3,v3.0.0-20200313102051-9f266ea9e77c,high,,"[""high""]",golang,golang,"[""<3.0.0""]","[""<v3.0.0""]",,2022-05-20T10:15:44.000Z,2022-05-20T08:21:41.000Z,,,,"[""CVE-2022-28948""]","[""CWE-400""]",,"[""Bradley Kemp (@bardleyjkemp)""]",CVSS:3.1/AV:N/AC:L/PR:N/UI:N/S:U/C:N/I:N/A:H/E:P,7.5,[],,proof-of-concept,,482,,,2022-06-17,https://snyk.io/org/jelenacleo/project/b30dacd0-75c4-4272-b5f8-97bb0afbfd8d,b30dacd0-75c4-4272-b5f8-97bb0afbfd8d,jradman12/XML-BSEP:XML/common/go.mod,github,gomodules,XML/common/go.mod
http://security.snyk.io/vuln/SNYK-GOLANG-GOLANGORGXCRYPTOSSH-551923,SNYK-GOLANG-GOLANGORGXCRYPTOSSH-551923,Improper Signature Verification,vuln,golang.org/x/crypto,v0.0.0-20190308221718-c2843e01d9a2,high,,"[""high""]",golang,golang,"[""<0.0.0-20200220183623-bac4c82f6975""]","[""<bac4c82f69751a6dd76e702d54b3ceb88adab236""]",,2020-02-21T16:03:45.000Z,2020-02-21T16:03:47.000Z,,,,"[""CVE-2020-9283""]","[""CWE-347""]","[""GHSA-ffhg-7mh4-33c4""]","[""Alex Gaynor""]",CVSS:3.1/AV:N/AC:L/PR:N/UI:N/S:U/C:H/I:L/A:L/E:F/RL:O/RC:R,8.6,[],,mature,,601,,,2022-06-17,https://snyk.io/org/jelenacleo/project/b30dacd0-75c4-4272-b5f8-97bb0afbfd8d,b30dacd0-75c4-4272-b5f8-97bb0afbfd8d,jradman12/XML-BSEP:XML/common/go.mod,github,gomodules,XML/common/go.mod
https://snyk.io/vuln/snyk:lic:golang:github.com:hashicorp:golang-lru:MPL-2.0,snyk:lic:golang:github.com:hashicorp:golang-lru:MPL-2.0,MPL-2.0 license,license,github.com/hashicorp/golang-lru,v0.5.0,medium,,"[""medium""]",golang,golang,"["">=v0""]",,,,,,,,,,,,,,,,,,,,,2022-06-17,https://snyk.io/org/jelenacleo/project/b30dacd0-75c4-4272-b5f8-97bb0afbfd8d,b30dacd0-75c4-4272-b5f8-97bb0afbfd8d,jradman12/XML-BSEP:XML/common/go.mod,github,gomodules,XML/common/go.mod
http://security.snyk.io/vuln/SNYK-GOLANG-GOLANGORGXCRYPTO-2825234,SNYK-GOLANG-GOLANGORGXCRYPTO-2825234,NULL Pointer Dereference,vuln,golang.org/x/crypto,v0.0.0-20190308221718-c2843e01d9a2,high,,"[""high""]",golang,golang,"[""<0.0.0-20201216223049-8b5274cf687f""]","[""<8b5274cf687fd9316b4108863654cc57385531e8""]",,2022-01-09T15:54:45.000Z,2022-01-09T12:57:11.000Z,,,,"[""CVE-2020-29652""]","[""CWE-476""]",,"[""Joern Schneewesiz""]",CVSS:3.1/AV:N/AC:L/PR:N/UI:N/S:U/C:N/I:N/A:H,7.5,[],,no-known-exploit,,375,,,2022-06-17,https://snyk.io/org/jelenacleo/project/b30dacd0-75c4-4272-b5f8-97bb0afbfd8d,b30dacd0-75c4-4272-b5f8-97bb0afbfd8d,jradman12/XML-BSEP:XML/common/go.mod,github,gomodules,XML/common/go.mod
http://security.snyk.io/vuln/SNYK-GOLANG-GOLANGORGXCRYPTOSSH-2331920,SNYK-GOLANG-GOLANGORGXCRYPTOSSH-2331920,NULL Pointer Dereference,vuln,golang.org/x/crypto,v0.0.0-20190308221718-c2843e01d9a2,high,,"[""high""]",golang,golang,"[""<0.0.0-20201216223049-8b5274cf687f""]","[""<8b5274cf687fd9316b4108863654cc57385531e8""]",,2022-01-09T15:54:45.000Z,2022-01-09T12:57:11.000Z,,,,"[""CVE-2020-29652""]","[""CWE-476""]",,"[""Joern Schneewesiz""]",CVSS:3.1/AV:N/AC:L/PR:N/UI:N/S:U/C:N/I:N/A:H,7.5,[],,no-known-exploit,,375,,,2022-06-17,https://snyk.io/org/jelenacleo/project/b30dacd0-75c4-4272-b5f8-97bb0afbfd8d,b30dacd0-75c4-4272-b5f8-97bb0afbfd8d,jradman12/XML-BSEP:XML/common/go.mod,github,gomodules,XML/common/go.mod
http://security.snyk.io/vuln/SNYK-GOLANG-GOLANGORGXTEXTINTERNALLANGUAGE-2400718,SNYK-GOLANG-GOLANGORGXTEXTINTERNALLANGUAGE-2400718,Out-of-bounds Read,vuln,golang.org/x/text,v0.0.0-20170915032832-14c0d48ead0c,medium,,"[""medium""]",golang,golang,"[""<0.3.7""]","[""<v0.3.7""]",,2022-02-14T16:21:52.494Z,2022-02-14T09:44:11.000Z,,,,"[""CVE-2021-38561""]","[""CWE-125""]",,"[""narroyog""]",CVSS:3.1/AV:N/AC:L/PR:N/UI:R/S:C/C:L/I:L/A:N,6.1,[],,no-known-exploit,,305,,,2022-06-17,https://snyk.io/org/jelenacleo/project/b30dacd0-75c4-4272-b5f8-97bb0afbfd8d,b30dacd0-75c4-4272-b5f8-97bb0afbfd8d,jradman12/XML-BSEP:XML/common/go.mod,github,gomodules,XML/common/go.mod
