issue.url,issue.id,issue.title,issue.type,issue.package,issue.version,issue.severity,issue.originalSeverity,issue.uniqueSeveritiesList,issue.language,issue.packageManager,issue.semver.vulnerable,issue.semver.hashesRange,issue.isIgnored,issue.publicationTime,issue.disclosureTime,issue.isUpgradable,issue.isPatchable,issue.isPinnable,issue.identifiers.CVE,issue.identifiers.CWE,issue.identifiers.GHSA,issue.credit,issue.CVSSv3,issue.cvssScore,issue.patches,issue.isPatched,issue.exploitMaturity,issue.reachability,issue.priorityScore,issue.jiraIssueUrl,isFixed,introducedDate,project.url,project.id,project.name,project.source,project.packageManager,project.targetFile
http://security.snyk.io/vuln/SNYK-GOLANG-GITHUBCOMDGRIJALVAJWTGO-596515,SNYK-GOLANG-GITHUBCOMDGRIJALVAJWTGO-596515,Access Restriction Bypass,vuln,github.com/dgrijalva/jwt-go,v3.2.0+incompatible,high,,"[""high""]",golang,golang,"[""<4.0.0-preview1""]","[""v4.0.0-preview1""]",,2020-09-13T15:53:35.000Z,2020-07-30T13:22:28.000Z,,,,"[""CVE-2020-26160""]","[""CWE-287""]","[""GHSA-w73w-5m7g-f7qc""]","[""christopher-wong""]",CVSS:3.1/AV:N/AC:L/PR:N/UI:N/S:U/C:H/I:N/A:N,7.5,[],,no-known-exploit,,375,,,2022-06-17,https://snyk.io/org/jelenacleo/project/1ea4a486-e68f-4767-8fc2-956742085b65,1ea4a486-e68f-4767-8fc2-956742085b65,jradman12/XML-BSEP:XML/api_gateway/go.mod,github,gomodules,XML/api_gateway/go.mod
http://security.snyk.io/vuln/SNYK-GOLANG-GITHUBCOMDGRIJALVAJWTGO-596515,SNYK-GOLANG-GITHUBCOMDGRIJALVAJWTGO-596515,Access Restriction Bypass,vuln,github.com/dgrijalva/jwt-go,v3.2.0+incompatible,high,,"[""high""]",golang,golang,"[""<4.0.0-preview1""]","[""v4.0.0-preview1""]",,2020-09-13T15:53:35.000Z,2020-07-30T13:22:28.000Z,,,,"[""CVE-2020-26160""]","[""CWE-287""]","[""GHSA-w73w-5m7g-f7qc""]","[""christopher-wong""]",CVSS:3.1/AV:N/AC:L/PR:N/UI:N/S:U/C:H/I:N/A:N,7.5,[],,no-known-exploit,,375,,,2022-06-17,https://snyk.io/org/jelenacleo/project/b30dacd0-75c4-4272-b5f8-97bb0afbfd8d,b30dacd0-75c4-4272-b5f8-97bb0afbfd8d,jradman12/XML-BSEP:XML/common/go.mod,github,gomodules,XML/common/go.mod
http://security.snyk.io/vuln/SNYK-GOLANG-GITHUBCOMDGRIJALVAJWTGO-596515,SNYK-GOLANG-GITHUBCOMDGRIJALVAJWTGO-596515,Access Restriction Bypass,vuln,github.com/dgrijalva/jwt-go,v3.2.0+incompatible,high,,"[""high""]",golang,golang,"[""<4.0.0-preview1""]","[""v4.0.0-preview1""]",,2020-09-13T15:53:35.000Z,2020-07-30T13:22:28.000Z,,,,"[""CVE-2020-26160""]","[""CWE-287""]","[""GHSA-w73w-5m7g-f7qc""]","[""christopher-wong""]",CVSS:3.1/AV:N/AC:L/PR:N/UI:N/S:U/C:H/I:N/A:N,7.5,[],,no-known-exploit,,375,,,2022-06-17,https://snyk.io/org/jelenacleo/project/1db8d17c-3c6f-432b-b809-7c808caffae4,1db8d17c-3c6f-432b-b809-7c808caffae4,jradman12/XML-BSEP:XML/post_service/go.mod,github,gomodules,XML/post_service/go.mod
http://security.snyk.io/vuln/SNYK-GOLANG-GITHUBCOMDGRIJALVAJWTGO-596515,SNYK-GOLANG-GITHUBCOMDGRIJALVAJWTGO-596515,Access Restriction Bypass,vuln,github.com/dgrijalva/jwt-go,v3.2.0+incompatible,high,,"[""high""]",golang,golang,"[""<4.0.0-preview1""]","[""v4.0.0-preview1""]",,2020-09-13T15:53:35.000Z,2020-07-30T13:22:28.000Z,,,,"[""CVE-2020-26160""]","[""CWE-287""]","[""GHSA-w73w-5m7g-f7qc""]","[""christopher-wong""]",CVSS:3.1/AV:N/AC:L/PR:N/UI:N/S:U/C:H/I:N/A:N,7.5,[],,no-known-exploit,,375,,,2022-06-17,https://snyk.io/org/jelenacleo/project/6105f8de-97d1-4c8b-a392-52ded40f3c89,6105f8de-97d1-4c8b-a392-52ded40f3c89,jradman12/XML-BSEP:XML/user_service/go.mod,github,gomodules,XML/user_service/go.mod
http://security.snyk.io/vuln/SNYK-JS-DECOMPRESSTAR-559095,SNYK-JS-DECOMPRESSTAR-559095,Arbitrary File Write via Archive Extraction (Zip Slip),vuln,decompress-tar,4.1.1,medium,,"[""medium""]",js,npm,"[""*""]",,,2020-02-27T13:28:41.000Z,2019-10-15T20:29:24.000Z,,,,"[""CVE-2020-12265""]","[""CWE-29""]","[""GHSA-qgfr-5hqp-vrw9""]","[""Oscar Arnflo""]",CVSS:3.1/AV:N/AC:H/PR:L/UI:N/S:C/C:H/I:N/A:N/E:P/RL:U/RC:C,6.3,[],,proof-of-concept,,422,,,2022-06-17,https://snyk.io/org/jelenacleo/project/86d264bf-a939-46bc-848f-d6d206ffbaae,86d264bf-a939-46bc-848f-d6d206ffbaae,jradman12/XML-BSEP:Noberty/package.json,github,npm,Noberty/package.json
http://security.snyk.io/vuln/SNYK-JS-DECOMPRESSTAR-559095,SNYK-JS-DECOMPRESSTAR-559095,Arbitrary File Write via Archive Extraction (Zip Slip),vuln,decompress-tar,4.1.1,medium,,"[""medium""]",js,npm,"[""*""]",,,2020-02-27T13:28:41.000Z,2019-10-15T20:29:24.000Z,,,,"[""CVE-2020-12265""]","[""CWE-29""]","[""GHSA-qgfr-5hqp-vrw9""]","[""Oscar Arnflo""]",CVSS:3.1/AV:N/AC:H/PR:L/UI:N/S:C/C:H/I:N/A:N/E:P/RL:U/RC:C,6.3,[],,proof-of-concept,,422,,,2022-06-17,https://snyk.io/org/jelenacleo/project/e80dbe72-b9f4-40cd-b703-1477c9a182b0,e80dbe72-b9f4-40cd-b703-1477c9a182b0,jradman12/XML-BSEP:PkiClient/package.json,github,npm,PkiClient/package.json
http://security.snyk.io/vuln/SNYK-JS-DECOMPRESSTAR-559095,SNYK-JS-DECOMPRESSTAR-559095,Arbitrary File Write via Archive Extraction (Zip Slip),vuln,decompress-tar,4.1.1,medium,,"[""medium""]",js,npm,"[""*""]",,,2020-02-27T13:28:41.000Z,2019-10-15T20:29:24.000Z,,,,"[""CVE-2020-12265""]","[""CWE-29""]","[""GHSA-qgfr-5hqp-vrw9""]","[""Oscar Arnflo""]",CVSS:3.1/AV:N/AC:H/PR:L/UI:N/S:C/C:H/I:N/A:N/E:P/RL:U/RC:C,6.3,[],,proof-of-concept,,422,,,2022-06-17,https://snyk.io/org/jelenacleo/project/ccb1bcdf-aad2-44cc-b8bd-07a716d7544b,ccb1bcdf-aad2-44cc-b8bd-07a716d7544b,jradman12/XML-BSEP:XmlClient/package.json,github,npm,XmlClient/package.json
http://security.snyk.io/vuln/SNYK-JAVA-ORGSPRINGFRAMEWORKSECURITY-2833359,SNYK-JAVA-ORGSPRINGFRAMEWORKSECURITY-2833359,Authorization Bypass,vuln,org.springframework.security:spring-security-web,5.5.1,high,,"[""high""]",java,maven,"[""[,5.5.7)"",""[5.6.0 ,5.6.4)""]",,,2022-05-18T14:15:06.000Z,2022-05-18T08:32:34.000Z,1,,,"[""CVE-2022-22978""]","[""CWE-285""]",,"[""Hiroki Nishino"",""Toshiki Sasazaki"",""Yoshinori Hayashi"",""Jonghwan Kim""]",CVSS:3.1/AV:N/AC:L/PR:N/UI:N/S:U/C:H/I:L/A:N/E:P,8.2,[],,proof-of-concept,,731,,,2022-06-17,https://snyk.io/org/jelenacleo/project/255e13f5-f71a-4094-bfd0-751db2395d04,255e13f5-f71a-4094-bfd0-751db2395d04,jradman12/XML-BSEP:PKI/pom.xml,github,maven,PKI/pom.xml
http://security.snyk.io/vuln/SNYK-JAVA-ORGBOUNCYCASTLE-2841508,SNYK-JAVA-ORGBOUNCYCASTLE-2841508,Cryptographic Issues,vuln,org.bouncycastle:bcprov-jdk15on,1.64,medium,,"[""medium""]",java,maven,"[""[1.47, 1.69)""]",,,2022-05-26T11:36:47.000Z,2022-05-23T08:56:45.000Z,1,,,[],"[""CWE-310""]",,"[""erezul""]",CVSS:3.1/AV:N/AC:H/PR:N/UI:N/S:U/C:L/I:L/A:N/E:P,4.8,[],,proof-of-concept,,561,,,2022-06-17,https://snyk.io/org/jelenacleo/project/255e13f5-f71a-4094-bfd0-751db2395d04,255e13f5-f71a-4094-bfd0-751db2395d04,jradman12/XML-BSEP:PKI/pom.xml,github,maven,PKI/pom.xml
http://security.snyk.io/vuln/SNYK-GOLANG-GITHUBCOMJACKCPGPROTO3V2-1316251,SNYK-GOLANG-GITHUBCOMJACKCPGPROTO3V2-1316251,Denial of Service (DoS),vuln,github.com/jackc/pgproto3,v1.1.0,medium,,"[""medium""]",golang,golang,"[""<2.1.1""]","[""<v2.1.1""]",,2021-07-22T13:57:21.498Z,2021-07-07T12:16:30.000Z,,,,[],"[""CWE-400""]",,"[""Unknown""]",CVSS:3.1/AV:N/AC:H/PR:N/UI:R/S:U/C:N/I:N/A:H,5.3,[],,no-known-exploit,,265,,,2022-06-17,https://snyk.io/org/jelenacleo/project/1ea4a486-e68f-4767-8fc2-956742085b65,1ea4a486-e68f-4767-8fc2-956742085b65,jradman12/XML-BSEP:XML/api_gateway/go.mod,github,gomodules,XML/api_gateway/go.mod
http://security.snyk.io/vuln/SNYK-GOLANG-GITHUBCOMJACKCPGPROTO3V2-1316251,SNYK-GOLANG-GITHUBCOMJACKCPGPROTO3V2-1316251,Denial of Service (DoS),vuln,github.com/jackc/pgproto3,v1.1.0,medium,,"[""medium""]",golang,golang,"[""<2.1.1""]","[""<v2.1.1""]",,2021-07-22T13:57:21.498Z,2021-07-07T12:16:30.000Z,,,,[],"[""CWE-400""]",,"[""Unknown""]",CVSS:3.1/AV:N/AC:H/PR:N/UI:R/S:U/C:N/I:N/A:H,5.3,[],,no-known-exploit,,265,,,2022-06-17,https://snyk.io/org/jelenacleo/project/6105f8de-97d1-4c8b-a392-52ded40f3c89,6105f8de-97d1-4c8b-a392-52ded40f3c89,jradman12/XML-BSEP:XML/user_service/go.mod,github,gomodules,XML/user_service/go.mod
http://security.snyk.io/vuln/SNYK-GOLANG-GOLANGORGXCRYPTOSSH-2429769,SNYK-GOLANG-GOLANGORGXCRYPTOSSH-2429769,Denial of Service (DoS),vuln,golang.org/x/crypto,v0.0.0-20190308221718-c2843e01d9a2,medium,,"[""medium""]",golang,golang,"[""<0.0.0-20220314234659-1baeb1ce4c0b""]","[""<v0.0.0-20220314234659-1baeb1ce4c0b""]",,2022-03-18T14:39:32.483Z,2022-03-18T10:57:11.000Z,,,,"[""CVE-2022-27191""]","[""CWE-400""]",,"[""Filippo Valsorda""]",CVSS:3.1/AV:N/AC:H/PR:N/UI:N/S:U/C:N/I:N/A:H,5.9,[],,no-known-exploit,,295,,,2022-06-17,https://snyk.io/org/jelenacleo/project/1ea4a486-e68f-4767-8fc2-956742085b65,1ea4a486-e68f-4767-8fc2-956742085b65,jradman12/XML-BSEP:XML/api_gateway/go.mod,github,gomodules,XML/api_gateway/go.mod
http://security.snyk.io/vuln/SNYK-GOLANG-GOLANGORGXCRYPTOSSH-2429769,SNYK-GOLANG-GOLANGORGXCRYPTOSSH-2429769,Denial of Service (DoS),vuln,golang.org/x/crypto,v0.0.0-20190308221718-c2843e01d9a2,medium,,"[""medium""]",golang,golang,"[""<0.0.0-20220314234659-1baeb1ce4c0b""]","[""<v0.0.0-20220314234659-1baeb1ce4c0b""]",,2022-03-18T14:39:32.483Z,2022-03-18T10:57:11.000Z,,,,"[""CVE-2022-27191""]","[""CWE-400""]",,"[""Filippo Valsorda""]",CVSS:3.1/AV:N/AC:H/PR:N/UI:N/S:U/C:N/I:N/A:H,5.9,[],,no-known-exploit,,295,,,2022-06-17,https://snyk.io/org/jelenacleo/project/b30dacd0-75c4-4272-b5f8-97bb0afbfd8d,b30dacd0-75c4-4272-b5f8-97bb0afbfd8d,jradman12/XML-BSEP:XML/common/go.mod,github,gomodules,XML/common/go.mod
http://security.snyk.io/vuln/SNYK-GOLANG-GOLANGORGXCRYPTOSSH-2429769,SNYK-GOLANG-GOLANGORGXCRYPTOSSH-2429769,Denial of Service (DoS),vuln,golang.org/x/crypto,v0.0.0-20190308221718-c2843e01d9a2,medium,,"[""medium""]",golang,golang,"[""<0.0.0-20220314234659-1baeb1ce4c0b""]","[""<v0.0.0-20220314234659-1baeb1ce4c0b""]",,2022-03-18T14:39:32.483Z,2022-03-18T10:57:11.000Z,,,,"[""CVE-2022-27191""]","[""CWE-400""]",,"[""Filippo Valsorda""]",CVSS:3.1/AV:N/AC:H/PR:N/UI:N/S:U/C:N/I:N/A:H,5.9,[],,no-known-exploit,,295,,,2022-06-17,https://snyk.io/org/jelenacleo/project/1db8d17c-3c6f-432b-b809-7c808caffae4,1db8d17c-3c6f-432b-b809-7c808caffae4,jradman12/XML-BSEP:XML/post_service/go.mod,github,gomodules,XML/post_service/go.mod
http://security.snyk.io/vuln/SNYK-GOLANG-GOLANGORGXCRYPTOSSH-2429769,SNYK-GOLANG-GOLANGORGXCRYPTOSSH-2429769,Denial of Service (DoS),vuln,golang.org/x/crypto,v0.0.0-20190308221718-c2843e01d9a2,medium,,"[""medium""]",golang,golang,"[""<0.0.0-20220314234659-1baeb1ce4c0b""]","[""<v0.0.0-20220314234659-1baeb1ce4c0b""]",,2022-03-18T14:39:32.483Z,2022-03-18T10:57:11.000Z,,,,"[""CVE-2022-27191""]","[""CWE-400""]",,"[""Filippo Valsorda""]",CVSS:3.1/AV:N/AC:H/PR:N/UI:N/S:U/C:N/I:N/A:H,5.9,[],,no-known-exploit,,295,,,2022-06-17,https://snyk.io/org/jelenacleo/project/6105f8de-97d1-4c8b-a392-52ded40f3c89,6105f8de-97d1-4c8b-a392-52ded40f3c89,jradman12/XML-BSEP:XML/user_service/go.mod,github,gomodules,XML/user_service/go.mod
http://security.snyk.io/vuln/SNYK-GOLANG-GOLANGORGXNETHTTP2-2313688,SNYK-GOLANG-GOLANGORGXNETHTTP2-2313688,Denial of Service (DoS),vuln,golang.org/x/net,v0.0.0-20180724234803-3673e40ba225,high,,"[""high""]",golang,golang,"[""<0.0.0-20211209124913-491a49abca63""]",[],,2021-12-09T16:52:21.000Z,2021-12-09T14:01:06.000Z,,,,"[""CVE-2021-44716""]","[""CWE-787""]",,"[""unknown""]",CVSS:3.1/AV:N/AC:L/PR:N/UI:N/S:U/C:N/I:N/A:H,7.5,[],,no-known-exploit,,375,,,2022-06-17,https://snyk.io/org/jelenacleo/project/1ea4a486-e68f-4767-8fc2-956742085b65,1ea4a486-e68f-4767-8fc2-956742085b65,jradman12/XML-BSEP:XML/api_gateway/go.mod,github,gomodules,XML/api_gateway/go.mod
http://security.snyk.io/vuln/SNYK-GOLANG-GOLANGORGXNETHTTP2-2313688,SNYK-GOLANG-GOLANGORGXNETHTTP2-2313688,Denial of Service (DoS),vuln,golang.org/x/net,v0.0.0-20180724234803-3673e40ba225,high,,"[""high""]",golang,golang,"[""<0.0.0-20211209124913-491a49abca63""]",[],,2021-12-09T16:52:21.000Z,2021-12-09T14:01:06.000Z,,,,"[""CVE-2021-44716""]","[""CWE-787""]",,"[""unknown""]",CVSS:3.1/AV:N/AC:L/PR:N/UI:N/S:U/C:N/I:N/A:H,7.5,[],,no-known-exploit,,375,,,2022-06-17,https://snyk.io/org/jelenacleo/project/b30dacd0-75c4-4272-b5f8-97bb0afbfd8d,b30dacd0-75c4-4272-b5f8-97bb0afbfd8d,jradman12/XML-BSEP:XML/common/go.mod,github,gomodules,XML/common/go.mod
http://security.snyk.io/vuln/SNYK-GOLANG-GOLANGORGXNETHTTP2-2313688,SNYK-GOLANG-GOLANGORGXNETHTTP2-2313688,Denial of Service (DoS),vuln,golang.org/x/net,v0.0.0-20180724234803-3673e40ba225,high,,"[""high""]",golang,golang,"[""<0.0.0-20211209124913-491a49abca63""]",[],,2021-12-09T16:52:21.000Z,2021-12-09T14:01:06.000Z,,,,"[""CVE-2021-44716""]","[""CWE-787""]",,"[""unknown""]",CVSS:3.1/AV:N/AC:L/PR:N/UI:N/S:U/C:N/I:N/A:H,7.5,[],,no-known-exploit,,375,,,2022-06-17,https://snyk.io/org/jelenacleo/project/1db8d17c-3c6f-432b-b809-7c808caffae4,1db8d17c-3c6f-432b-b809-7c808caffae4,jradman12/XML-BSEP:XML/post_service/go.mod,github,gomodules,XML/post_service/go.mod
http://security.snyk.io/vuln/SNYK-GOLANG-GOLANGORGXNETHTTP2-2313688,SNYK-GOLANG-GOLANGORGXNETHTTP2-2313688,Denial of Service (DoS),vuln,golang.org/x/net,v0.0.0-20180724234803-3673e40ba225,high,,"[""high""]",golang,golang,"[""<0.0.0-20211209124913-491a49abca63""]",[],,2021-12-09T16:52:21.000Z,2021-12-09T14:01:06.000Z,,,,"[""CVE-2021-44716""]","[""CWE-787""]",,"[""unknown""]",CVSS:3.1/AV:N/AC:L/PR:N/UI:N/S:U/C:N/I:N/A:H,7.5,[],,no-known-exploit,,375,,,2022-06-17,https://snyk.io/org/jelenacleo/project/6105f8de-97d1-4c8b-a392-52ded40f3c89,6105f8de-97d1-4c8b-a392-52ded40f3c89,jradman12/XML-BSEP:XML/user_service/go.mod,github,gomodules,XML/user_service/go.mod
http://security.snyk.io/vuln/SNYK-GOLANG-GOLANGORGXTEXTENCODINGUNICODE-609611,SNYK-GOLANG-GOLANGORGXTEXTENCODINGUNICODE-609611,Denial of Service (DoS),vuln,golang.org/x/text,v0.0.0-20170915032832-14c0d48ead0c,high,,"[""high""]",golang,golang,"[""<0.3.3""]","[""<23ae387dee1f90d29a23c0e87ee0b46038fbed0e""]",,2020-09-03T17:18:06.000Z,2020-06-09T17:23:20.000Z,,,,"[""CVE-2020-14040""]","[""CWE-400""]","[""GHSA-5rcv-m4m3-hfh7""]","[""Evgeny Kapun""]",CVSS:3.1/AV:N/AC:L/PR:N/UI:N/S:U/C:N/I:N/A:H/E:P/RL:O/RC:C,7.5,[],,proof-of-concept,,482,,,2022-06-17,https://snyk.io/org/jelenacleo/project/1ea4a486-e68f-4767-8fc2-956742085b65,1ea4a486-e68f-4767-8fc2-956742085b65,jradman12/XML-BSEP:XML/api_gateway/go.mod,github,gomodules,XML/api_gateway/go.mod
http://security.snyk.io/vuln/SNYK-GOLANG-GOLANGORGXTEXTENCODINGUNICODE-609611,SNYK-GOLANG-GOLANGORGXTEXTENCODINGUNICODE-609611,Denial of Service (DoS),vuln,golang.org/x/text,v0.0.0-20170915032832-14c0d48ead0c,high,,"[""high""]",golang,golang,"[""<0.3.3""]","[""<23ae387dee1f90d29a23c0e87ee0b46038fbed0e""]",,2020-09-03T17:18:06.000Z,2020-06-09T17:23:20.000Z,,,,"[""CVE-2020-14040""]","[""CWE-400""]","[""GHSA-5rcv-m4m3-hfh7""]","[""Evgeny Kapun""]",CVSS:3.1/AV:N/AC:L/PR:N/UI:N/S:U/C:N/I:N/A:H/E:P/RL:O/RC:C,7.5,[],,proof-of-concept,,482,,,2022-06-17,https://snyk.io/org/jelenacleo/project/b30dacd0-75c4-4272-b5f8-97bb0afbfd8d,b30dacd0-75c4-4272-b5f8-97bb0afbfd8d,jradman12/XML-BSEP:XML/common/go.mod,github,gomodules,XML/common/go.mod
http://security.snyk.io/vuln/SNYK-GOLANG-GOLANGORGXTEXTENCODINGUNICODE-609611,SNYK-GOLANG-GOLANGORGXTEXTENCODINGUNICODE-609611,Denial of Service (DoS),vuln,golang.org/x/text,v0.0.0-20170915032832-14c0d48ead0c,high,,"[""high""]",golang,golang,"[""<0.3.3""]","[""<23ae387dee1f90d29a23c0e87ee0b46038fbed0e""]",,2020-09-03T17:18:06.000Z,2020-06-09T17:23:20.000Z,,,,"[""CVE-2020-14040""]","[""CWE-400""]","[""GHSA-5rcv-m4m3-hfh7""]","[""Evgeny Kapun""]",CVSS:3.1/AV:N/AC:L/PR:N/UI:N/S:U/C:N/I:N/A:H/E:P/RL:O/RC:C,7.5,[],,proof-of-concept,,482,,,2022-06-17,https://snyk.io/org/jelenacleo/project/1db8d17c-3c6f-432b-b809-7c808caffae4,1db8d17c-3c6f-432b-b809-7c808caffae4,jradman12/XML-BSEP:XML/post_service/go.mod,github,gomodules,XML/post_service/go.mod
http://security.snyk.io/vuln/SNYK-GOLANG-GOLANGORGXTEXTENCODINGUNICODE-609611,SNYK-GOLANG-GOLANGORGXTEXTENCODINGUNICODE-609611,Denial of Service (DoS),vuln,golang.org/x/text,v0.0.0-20170915032832-14c0d48ead0c,high,,"[""high""]",golang,golang,"[""<0.3.3""]","[""<23ae387dee1f90d29a23c0e87ee0b46038fbed0e""]",,2020-09-03T17:18:06.000Z,2020-06-09T17:23:20.000Z,,,,"[""CVE-2020-14040""]","[""CWE-400""]","[""GHSA-5rcv-m4m3-hfh7""]","[""Evgeny Kapun""]",CVSS:3.1/AV:N/AC:L/PR:N/UI:N/S:U/C:N/I:N/A:H/E:P/RL:O/RC:C,7.5,[],,proof-of-concept,,482,,,2022-06-17,https://snyk.io/org/jelenacleo/project/6105f8de-97d1-4c8b-a392-52ded40f3c89,6105f8de-97d1-4c8b-a392-52ded40f3c89,jradman12/XML-BSEP:XML/user_service/go.mod,github,gomodules,XML/user_service/go.mod
http://security.snyk.io/vuln/SNYK-GOLANG-GOPKGINYAMLV2-1083943,SNYK-GOLANG-GOPKGINYAMLV2-1083943,Denial of Service (DoS),vuln,gopkg.in/yaml.v2,v2.2.2,medium,,"[""medium""]",golang,golang,"[""<2.2.8""]","[""<53403b58ad1b561927d19068c655246f2db79d48""]",,2020-04-02T11:29:49.000Z,2020-03-26T11:30:05.000Z,,,,"[""CVE-2019-11254""]","[""CWE-1050""]",,"[""Unknown""]",CVSS:3.1/AV:N/AC:L/PR:L/UI:N/S:U/C:N/I:N/A:H,6.5,[],,no-known-exploit,,325,,,2022-06-17,https://snyk.io/org/jelenacleo/project/1ea4a486-e68f-4767-8fc2-956742085b65,1ea4a486-e68f-4767-8fc2-956742085b65,jradman12/XML-BSEP:XML/api_gateway/go.mod,github,gomodules,XML/api_gateway/go.mod
http://security.snyk.io/vuln/SNYK-GOLANG-GOPKGINYAMLV2-1083943,SNYK-GOLANG-GOPKGINYAMLV2-1083943,Denial of Service (DoS),vuln,gopkg.in/yaml.v2,v2.2.2,medium,,"[""medium""]",golang,golang,"[""<2.2.8""]","[""<53403b58ad1b561927d19068c655246f2db79d48""]",,2020-04-02T11:29:49.000Z,2020-03-26T11:30:05.000Z,,,,"[""CVE-2019-11254""]","[""CWE-1050""]",,"[""Unknown""]",CVSS:3.1/AV:N/AC:L/PR:L/UI:N/S:U/C:N/I:N/A:H,6.5,[],,no-known-exploit,,325,,,2022-06-17,https://snyk.io/org/jelenacleo/project/b30dacd0-75c4-4272-b5f8-97bb0afbfd8d,b30dacd0-75c4-4272-b5f8-97bb0afbfd8d,jradman12/XML-BSEP:XML/common/go.mod,github,gomodules,XML/common/go.mod
http://security.snyk.io/vuln/SNYK-GOLANG-GOPKGINYAMLV2-1083943,SNYK-GOLANG-GOPKGINYAMLV2-1083943,Denial of Service (DoS),vuln,gopkg.in/yaml.v2,v2.2.2,medium,,"[""medium""]",golang,golang,"[""<2.2.8""]","[""<53403b58ad1b561927d19068c655246f2db79d48""]",,2020-04-02T11:29:49.000Z,2020-03-26T11:30:05.000Z,,,,"[""CVE-2019-11254""]","[""CWE-1050""]",,"[""Unknown""]",CVSS:3.1/AV:N/AC:L/PR:L/UI:N/S:U/C:N/I:N/A:H,6.5,[],,no-known-exploit,,325,,,2022-06-17,https://snyk.io/org/jelenacleo/project/1db8d17c-3c6f-432b-b809-7c808caffae4,1db8d17c-3c6f-432b-b809-7c808caffae4,jradman12/XML-BSEP:XML/post_service/go.mod,github,gomodules,XML/post_service/go.mod
http://security.snyk.io/vuln/SNYK-GOLANG-GOPKGINYAMLV2-1083943,SNYK-GOLANG-GOPKGINYAMLV2-1083943,Denial of Service (DoS),vuln,gopkg.in/yaml.v2,v2.2.2,medium,,"[""medium""]",golang,golang,"[""<2.2.8""]","[""<53403b58ad1b561927d19068c655246f2db79d48""]",,2020-04-02T11:29:49.000Z,2020-03-26T11:30:05.000Z,,,,"[""CVE-2019-11254""]","[""CWE-1050""]",,"[""Unknown""]",CVSS:3.1/AV:N/AC:L/PR:L/UI:N/S:U/C:N/I:N/A:H,6.5,[],,no-known-exploit,,325,,,2022-06-17,https://snyk.io/org/jelenacleo/project/6105f8de-97d1-4c8b-a392-52ded40f3c89,6105f8de-97d1-4c8b-a392-52ded40f3c89,jradman12/XML-BSEP:XML/user_service/go.mod,github,gomodules,XML/user_service/go.mod
http://security.snyk.io/vuln/SNYK-GOLANG-GOPKGINYAMLV2-1533594,SNYK-GOLANG-GOPKGINYAMLV2-1533594,Denial of Service (DoS),vuln,gopkg.in/yaml.v2,v2.2.2,medium,,"[""medium""]",golang,golang,"[""<2.2.3""]","[""<v2.2.3""]",,2021-07-27T14:26:49.238Z,2021-04-14T12:00:00.000Z,,,,[],"[""CWE-400""]",,"[""Unknown""]",CVSS:3.1/AV:N/AC:L/PR:L/UI:N/S:U/C:N/I:N/A:H,6.5,[],,no-known-exploit,,325,,,2022-06-17,https://snyk.io/org/jelenacleo/project/1ea4a486-e68f-4767-8fc2-956742085b65,1ea4a486-e68f-4767-8fc2-956742085b65,jradman12/XML-BSEP:XML/api_gateway/go.mod,github,gomodules,XML/api_gateway/go.mod
http://security.snyk.io/vuln/SNYK-GOLANG-GOPKGINYAMLV2-1533594,SNYK-GOLANG-GOPKGINYAMLV2-1533594,Denial of Service (DoS),vuln,gopkg.in/yaml.v2,v2.2.2,medium,,"[""medium""]",golang,golang,"[""<2.2.3""]","[""<v2.2.3""]",,2021-07-27T14:26:49.238Z,2021-04-14T12:00:00.000Z,,,,[],"[""CWE-400""]",,"[""Unknown""]",CVSS:3.1/AV:N/AC:L/PR:L/UI:N/S:U/C:N/I:N/A:H,6.5,[],,no-known-exploit,,325,,,2022-06-17,https://snyk.io/org/jelenacleo/project/b30dacd0-75c4-4272-b5f8-97bb0afbfd8d,b30dacd0-75c4-4272-b5f8-97bb0afbfd8d,jradman12/XML-BSEP:XML/common/go.mod,github,gomodules,XML/common/go.mod
http://security.snyk.io/vuln/SNYK-GOLANG-GOPKGINYAMLV2-1533594,SNYK-GOLANG-GOPKGINYAMLV2-1533594,Denial of Service (DoS),vuln,gopkg.in/yaml.v2,v2.2.2,medium,,"[""medium""]",golang,golang,"[""<2.2.3""]","[""<v2.2.3""]",,2021-07-27T14:26:49.238Z,2021-04-14T12:00:00.000Z,,,,[],"[""CWE-400""]",,"[""Unknown""]",CVSS:3.1/AV:N/AC:L/PR:L/UI:N/S:U/C:N/I:N/A:H,6.5,[],,no-known-exploit,,325,,,2022-06-17,https://snyk.io/org/jelenacleo/project/1db8d17c-3c6f-432b-b809-7c808caffae4,1db8d17c-3c6f-432b-b809-7c808caffae4,jradman12/XML-BSEP:XML/post_service/go.mod,github,gomodules,XML/post_service/go.mod
http://security.snyk.io/vuln/SNYK-GOLANG-GOPKGINYAMLV2-1533594,SNYK-GOLANG-GOPKGINYAMLV2-1533594,Denial of Service (DoS),vuln,gopkg.in/yaml.v2,v2.2.2,medium,,"[""medium""]",golang,golang,"[""<2.2.3""]","[""<v2.2.3""]",,2021-07-27T14:26:49.238Z,2021-04-14T12:00:00.000Z,,,,[],"[""CWE-400""]",,"[""Unknown""]",CVSS:3.1/AV:N/AC:L/PR:L/UI:N/S:U/C:N/I:N/A:H,6.5,[],,no-known-exploit,,325,,,2022-06-17,https://snyk.io/org/jelenacleo/project/6105f8de-97d1-4c8b-a392-52ded40f3c89,6105f8de-97d1-4c8b-a392-52ded40f3c89,jradman12/XML-BSEP:XML/user_service/go.mod,github,gomodules,XML/user_service/go.mod
http://security.snyk.io/vuln/SNYK-GOLANG-GOPKGINYAMLV3-2841557,SNYK-GOLANG-GOPKGINYAMLV3-2841557,Denial of Service (DoS),vuln,gopkg.in/yaml.v3,v3.0.0-20200313102051-9f266ea9e77c,high,,"[""high""]",golang,golang,"[""<3.0.0""]","[""<v3.0.0""]",,2022-05-20T10:15:44.000Z,2022-05-20T08:21:41.000Z,,,,"[""CVE-2022-28948""]","[""CWE-400""]",,"[""Bradley Kemp (@bardleyjkemp)""]",CVSS:3.1/AV:N/AC:L/PR:N/UI:N/S:U/C:N/I:N/A:H/E:P,7.5,[],,proof-of-concept,,482,,,2022-06-17,https://snyk.io/org/jelenacleo/project/1ea4a486-e68f-4767-8fc2-956742085b65,1ea4a486-e68f-4767-8fc2-956742085b65,jradman12/XML-BSEP:XML/api_gateway/go.mod,github,gomodules,XML/api_gateway/go.mod
http://security.snyk.io/vuln/SNYK-GOLANG-GOPKGINYAMLV3-2841557,SNYK-GOLANG-GOPKGINYAMLV3-2841557,Denial of Service (DoS),vuln,gopkg.in/yaml.v3,v3.0.0-20200313102051-9f266ea9e77c,high,,"[""high""]",golang,golang,"[""<3.0.0""]","[""<v3.0.0""]",,2022-05-20T10:15:44.000Z,2022-05-20T08:21:41.000Z,,,,"[""CVE-2022-28948""]","[""CWE-400""]",,"[""Bradley Kemp (@bardleyjkemp)""]",CVSS:3.1/AV:N/AC:L/PR:N/UI:N/S:U/C:N/I:N/A:H/E:P,7.5,[],,proof-of-concept,,482,,,2022-06-17,https://snyk.io/org/jelenacleo/project/b30dacd0-75c4-4272-b5f8-97bb0afbfd8d,b30dacd0-75c4-4272-b5f8-97bb0afbfd8d,jradman12/XML-BSEP:XML/common/go.mod,github,gomodules,XML/common/go.mod
http://security.snyk.io/vuln/SNYK-GOLANG-GOPKGINYAMLV3-2841557,SNYK-GOLANG-GOPKGINYAMLV3-2841557,Denial of Service (DoS),vuln,gopkg.in/yaml.v3,v3.0.0-20200313102051-9f266ea9e77c,high,,"[""high""]",golang,golang,"[""<3.0.0""]","[""<v3.0.0""]",,2022-05-20T10:15:44.000Z,2022-05-20T08:21:41.000Z,,,,"[""CVE-2022-28948""]","[""CWE-400""]",,"[""Bradley Kemp (@bardleyjkemp)""]",CVSS:3.1/AV:N/AC:L/PR:N/UI:N/S:U/C:N/I:N/A:H/E:P,7.5,[],,proof-of-concept,,482,,,2022-06-17,https://snyk.io/org/jelenacleo/project/1db8d17c-3c6f-432b-b809-7c808caffae4,1db8d17c-3c6f-432b-b809-7c808caffae4,jradman12/XML-BSEP:XML/post_service/go.mod,github,gomodules,XML/post_service/go.mod
http://security.snyk.io/vuln/SNYK-GOLANG-GOPKGINYAMLV3-2841557,SNYK-GOLANG-GOPKGINYAMLV3-2841557,Denial of Service (DoS),vuln,gopkg.in/yaml.v3,v3.0.0-20200313102051-9f266ea9e77c,high,,"[""high""]",golang,golang,"[""<3.0.0""]","[""<v3.0.0""]",,2022-05-20T10:15:44.000Z,2022-05-20T08:21:41.000Z,,,,"[""CVE-2022-28948""]","[""CWE-400""]",,"[""Bradley Kemp (@bardleyjkemp)""]",CVSS:3.1/AV:N/AC:L/PR:N/UI:N/S:U/C:N/I:N/A:H/E:P,7.5,[],,proof-of-concept,,482,,,2022-06-17,https://snyk.io/org/jelenacleo/project/6105f8de-97d1-4c8b-a392-52ded40f3c89,6105f8de-97d1-4c8b-a392-52ded40f3c89,jradman12/XML-BSEP:XML/user_service/go.mod,github,gomodules,XML/user_service/go.mod
http://security.snyk.io/vuln/SNYK-JAVA-ORGSPRINGFRAMEWORK-2823313,SNYK-JAVA-ORGSPRINGFRAMEWORK-2823313,Denial of Service (DoS),vuln,org.springframework:spring-beans,5.3.18,medium,,"[""medium""]",java,maven,"[""[,5.2.22.RELEASE)"",""[5.3.0,5.3.20)""]",,,2022-05-12T09:49:10.833Z,2022-05-12T08:17:10.000Z,1,,,"[""CVE-2022-22970""]","[""CWE-400""]",,"[""Rob Ryan""]",CVSS:3.1/AV:N/AC:H/PR:L/UI:N/S:U/C:N/I:N/A:H,5.3,[],,no-known-exploit,,479,,,2022-06-17,https://snyk.io/org/jelenacleo/project/7fcbe302-7e6d-451f-a851-1b09913c3bff,7fcbe302-7e6d-451f-a851-1b09913c3bff,jradman12/XML-BSEP:PKI/bin/pom.xml,github,maven,PKI/bin/pom.xml
http://security.snyk.io/vuln/SNYK-JAVA-ORGSPRINGFRAMEWORK-2823313,SNYK-JAVA-ORGSPRINGFRAMEWORK-2823313,Denial of Service (DoS),vuln,org.springframework:spring-beans,5.3.18,medium,,"[""medium""]",java,maven,"[""[,5.2.22.RELEASE)"",""[5.3.0,5.3.20)""]",,,2022-05-12T09:49:10.833Z,2022-05-12T08:17:10.000Z,1,,,"[""CVE-2022-22970""]","[""CWE-400""]",,"[""Rob Ryan""]",CVSS:3.1/AV:N/AC:H/PR:L/UI:N/S:U/C:N/I:N/A:H,5.3,[],,no-known-exploit,,479,,,2022-06-17,https://snyk.io/org/jelenacleo/project/255e13f5-f71a-4094-bfd0-751db2395d04,255e13f5-f71a-4094-bfd0-751db2395d04,jradman12/XML-BSEP:PKI/pom.xml,github,maven,PKI/pom.xml
https://snyk.io/vuln/snyk:lic:maven:ch.qos.logback:logback-classic:EPL-1.0_OR_LGPL-2.1,snyk:lic:maven:ch.qos.logback:logback-classic:EPL-1.0_OR_LGPL-2.1,EPL-1.0 OR LGPL-2.1 license,license,ch.qos.logback:logback-classic,1.2.11,medium,,"[""medium""]",java,maven,"[""[0.9.18,)""]",,,,,,,,,,,,,,,,,,,,,2022-06-17,https://snyk.io/org/jelenacleo/project/ae2f1457-0792-4d4f-9ab2-d49331b72c6e,ae2f1457-0792-4d4f-9ab2-d49331b72c6e,jradman12/XML-BSEP:AgentApp/pom.xml,github,maven,AgentApp/pom.xml
https://snyk.io/vuln/snyk:lic:maven:ch.qos.logback:logback-classic:EPL-1.0_OR_LGPL-2.1,snyk:lic:maven:ch.qos.logback:logback-classic:EPL-1.0_OR_LGPL-2.1,EPL-1.0 OR LGPL-2.1 license,license,ch.qos.logback:logback-classic,1.2.11,medium,,"[""medium""]",java,maven,"[""[0.9.18,)""]",,,,,,,,,,,,,,,,,,,,,2022-06-17,https://snyk.io/org/jelenacleo/project/7fcbe302-7e6d-451f-a851-1b09913c3bff,7fcbe302-7e6d-451f-a851-1b09913c3bff,jradman12/XML-BSEP:PKI/bin/pom.xml,github,maven,PKI/bin/pom.xml
https://snyk.io/vuln/snyk:lic:maven:ch.qos.logback:logback-classic:EPL-1.0_OR_LGPL-2.1,snyk:lic:maven:ch.qos.logback:logback-classic:EPL-1.0_OR_LGPL-2.1,EPL-1.0 OR LGPL-2.1 license,license,ch.qos.logback:logback-classic,1.2.11,medium,,"[""medium""]",java,maven,"[""[0.9.18,)""]",,,,,,,,,,,,,,,,,,,,,2022-06-17,https://snyk.io/org/jelenacleo/project/255e13f5-f71a-4094-bfd0-751db2395d04,255e13f5-f71a-4094-bfd0-751db2395d04,jradman12/XML-BSEP:PKI/pom.xml,github,maven,PKI/pom.xml
https://snyk.io/vuln/snyk:lic:maven:ch.qos.logback:logback-core:EPL-1.0_OR_LGPL-2.1,snyk:lic:maven:ch.qos.logback:logback-core:EPL-1.0_OR_LGPL-2.1,EPL-1.0 OR LGPL-2.1 license,license,ch.qos.logback:logback-core,1.2.11,medium,,"[""medium""]",java,maven,"[""[0.9.18,)""]",,,,,,,,,,,,,,,,,,,,,2022-06-17,https://snyk.io/org/jelenacleo/project/ae2f1457-0792-4d4f-9ab2-d49331b72c6e,ae2f1457-0792-4d4f-9ab2-d49331b72c6e,jradman12/XML-BSEP:AgentApp/pom.xml,github,maven,AgentApp/pom.xml
https://snyk.io/vuln/snyk:lic:maven:ch.qos.logback:logback-core:EPL-1.0_OR_LGPL-2.1,snyk:lic:maven:ch.qos.logback:logback-core:EPL-1.0_OR_LGPL-2.1,EPL-1.0 OR LGPL-2.1 license,license,ch.qos.logback:logback-core,1.2.11,medium,,"[""medium""]",java,maven,"[""[0.9.18,)""]",,,,,,,,,,,,,,,,,,,,,2022-06-17,https://snyk.io/org/jelenacleo/project/7fcbe302-7e6d-451f-a851-1b09913c3bff,7fcbe302-7e6d-451f-a851-1b09913c3bff,jradman12/XML-BSEP:PKI/bin/pom.xml,github,maven,PKI/bin/pom.xml
https://snyk.io/vuln/snyk:lic:maven:ch.qos.logback:logback-core:EPL-1.0_OR_LGPL-2.1,snyk:lic:maven:ch.qos.logback:logback-core:EPL-1.0_OR_LGPL-2.1,EPL-1.0 OR LGPL-2.1 license,license,ch.qos.logback:logback-core,1.2.11,medium,,"[""medium""]",java,maven,"[""[0.9.18,)""]",,,,,,,,,,,,,,,,,,,,,2022-06-17,https://snyk.io/org/jelenacleo/project/255e13f5-f71a-4094-bfd0-751db2395d04,255e13f5-f71a-4094-bfd0-751db2395d04,jradman12/XML-BSEP:PKI/pom.xml,github,maven,PKI/pom.xml
https://snyk.io/vuln/snyk:lic:maven:org.aspectj:aspectjweaver:EPL-1.0,snyk:lic:maven:org.aspectj:aspectjweaver:EPL-1.0,EPL-1.0 license,license,org.aspectj:aspectjweaver,1.9.7,medium,,"[""medium""]",java,maven,"[""[0,)""]",,,,,,,,,,,,,,,,,,,,,2022-06-17,https://snyk.io/org/jelenacleo/project/ae2f1457-0792-4d4f-9ab2-d49331b72c6e,ae2f1457-0792-4d4f-9ab2-d49331b72c6e,jradman12/XML-BSEP:AgentApp/pom.xml,github,maven,AgentApp/pom.xml
https://snyk.io/vuln/snyk:lic:maven:org.aspectj:aspectjweaver:EPL-1.0,snyk:lic:maven:org.aspectj:aspectjweaver:EPL-1.0,EPL-1.0 license,license,org.aspectj:aspectjweaver,1.9.7,medium,,"[""medium""]",java,maven,"[""[0,)""]",,,,,,,,,,,,,,,,,,,,,2022-06-17,https://snyk.io/org/jelenacleo/project/7fcbe302-7e6d-451f-a851-1b09913c3bff,7fcbe302-7e6d-451f-a851-1b09913c3bff,jradman12/XML-BSEP:PKI/bin/pom.xml,github,maven,PKI/bin/pom.xml
https://snyk.io/vuln/snyk:lic:maven:org.aspectj:aspectjweaver:EPL-1.0,snyk:lic:maven:org.aspectj:aspectjweaver:EPL-1.0,EPL-1.0 license,license,org.aspectj:aspectjweaver,1.9.7,medium,,"[""medium""]",java,maven,"[""[0,)""]",,,,,,,,,,,,,,,,,,,,,2022-06-17,https://snyk.io/org/jelenacleo/project/255e13f5-f71a-4094-bfd0-751db2395d04,255e13f5-f71a-4094-bfd0-751db2395d04,jradman12/XML-BSEP:PKI/pom.xml,github,maven,PKI/pom.xml
http://security.snyk.io/vuln/SNYK-JAVA-ORGSPRINGFRAMEWORK-2689634,SNYK-JAVA-ORGSPRINGFRAMEWORK-2689634,Improper Handling of Case Sensitivity,vuln,org.springframework:spring-context,5.3.18,low,,"[""low""]",java,maven,"[""[,5.2.21)"",""[5.3.0, 5.3.19)""]",,,2022-04-14T12:09:40.000Z,2022-04-14T11:43:54.000Z,1,,,"[""CVE-2022-22968""]","[""CWE-178""]",,"[""Unknown""]",CVSS:3.1/AV:N/AC:H/PR:N/UI:N/S:U/C:N/I:L/A:N/E:P,3.7,[],,proof-of-concept,,506,,,2022-06-17,https://snyk.io/org/jelenacleo/project/7fcbe302-7e6d-451f-a851-1b09913c3bff,7fcbe302-7e6d-451f-a851-1b09913c3bff,jradman12/XML-BSEP:PKI/bin/pom.xml,github,maven,PKI/bin/pom.xml
http://security.snyk.io/vuln/SNYK-JAVA-ORGSPRINGFRAMEWORK-2689634,SNYK-JAVA-ORGSPRINGFRAMEWORK-2689634,Improper Handling of Case Sensitivity,vuln,org.springframework:spring-context,5.3.18,low,,"[""low""]",java,maven,"[""[,5.2.21)"",""[5.3.0, 5.3.19)""]",,,2022-04-14T12:09:40.000Z,2022-04-14T11:43:54.000Z,1,,,"[""CVE-2022-22968""]","[""CWE-178""]",,"[""Unknown""]",CVSS:3.1/AV:N/AC:H/PR:N/UI:N/S:U/C:N/I:L/A:N/E:P,3.7,[],,proof-of-concept,,506,,,2022-06-17,https://snyk.io/org/jelenacleo/project/255e13f5-f71a-4094-bfd0-751db2395d04,255e13f5-f71a-4094-bfd0-751db2395d04,jradman12/XML-BSEP:PKI/pom.xml,github,maven,PKI/pom.xml
http://security.snyk.io/vuln/SNYK-GOLANG-GOLANGORGXCRYPTOSSH-551923,SNYK-GOLANG-GOLANGORGXCRYPTOSSH-551923,Improper Signature Verification,vuln,golang.org/x/crypto,v0.0.0-20190308221718-c2843e01d9a2,high,,"[""high""]",golang,golang,"[""<0.0.0-20200220183623-bac4c82f6975""]","[""<bac4c82f69751a6dd76e702d54b3ceb88adab236""]",,2020-02-21T16:03:45.000Z,2020-02-21T16:03:47.000Z,,,,"[""CVE-2020-9283""]","[""CWE-347""]","[""GHSA-ffhg-7mh4-33c4""]","[""Alex Gaynor""]",CVSS:3.1/AV:N/AC:L/PR:N/UI:N/S:U/C:H/I:L/A:L/E:F/RL:O/RC:R,8.6,[],,mature,,601,,,2022-06-17,https://snyk.io/org/jelenacleo/project/1ea4a486-e68f-4767-8fc2-956742085b65,1ea4a486-e68f-4767-8fc2-956742085b65,jradman12/XML-BSEP:XML/api_gateway/go.mod,github,gomodules,XML/api_gateway/go.mod
http://security.snyk.io/vuln/SNYK-GOLANG-GOLANGORGXCRYPTOSSH-551923,SNYK-GOLANG-GOLANGORGXCRYPTOSSH-551923,Improper Signature Verification,vuln,golang.org/x/crypto,v0.0.0-20190308221718-c2843e01d9a2,high,,"[""high""]",golang,golang,"[""<0.0.0-20200220183623-bac4c82f6975""]","[""<bac4c82f69751a6dd76e702d54b3ceb88adab236""]",,2020-02-21T16:03:45.000Z,2020-02-21T16:03:47.000Z,,,,"[""CVE-2020-9283""]","[""CWE-347""]","[""GHSA-ffhg-7mh4-33c4""]","[""Alex Gaynor""]",CVSS:3.1/AV:N/AC:L/PR:N/UI:N/S:U/C:H/I:L/A:L/E:F/RL:O/RC:R,8.6,[],,mature,,601,,,2022-06-17,https://snyk.io/org/jelenacleo/project/b30dacd0-75c4-4272-b5f8-97bb0afbfd8d,b30dacd0-75c4-4272-b5f8-97bb0afbfd8d,jradman12/XML-BSEP:XML/common/go.mod,github,gomodules,XML/common/go.mod
http://security.snyk.io/vuln/SNYK-GOLANG-GOLANGORGXCRYPTOSSH-551923,SNYK-GOLANG-GOLANGORGXCRYPTOSSH-551923,Improper Signature Verification,vuln,golang.org/x/crypto,v0.0.0-20190308221718-c2843e01d9a2,high,,"[""high""]",golang,golang,"[""<0.0.0-20200220183623-bac4c82f6975""]","[""<bac4c82f69751a6dd76e702d54b3ceb88adab236""]",,2020-02-21T16:03:45.000Z,2020-02-21T16:03:47.000Z,,,,"[""CVE-2020-9283""]","[""CWE-347""]","[""GHSA-ffhg-7mh4-33c4""]","[""Alex Gaynor""]",CVSS:3.1/AV:N/AC:L/PR:N/UI:N/S:U/C:H/I:L/A:L/E:F/RL:O/RC:R,8.6,[],,mature,,601,,,2022-06-17,https://snyk.io/org/jelenacleo/project/1db8d17c-3c6f-432b-b809-7c808caffae4,1db8d17c-3c6f-432b-b809-7c808caffae4,jradman12/XML-BSEP:XML/post_service/go.mod,github,gomodules,XML/post_service/go.mod
http://security.snyk.io/vuln/SNYK-GOLANG-GOLANGORGXCRYPTOSSH-551923,SNYK-GOLANG-GOLANGORGXCRYPTOSSH-551923,Improper Signature Verification,vuln,golang.org/x/crypto,v0.0.0-20190308221718-c2843e01d9a2,high,,"[""high""]",golang,golang,"[""<0.0.0-20200220183623-bac4c82f6975""]","[""<bac4c82f69751a6dd76e702d54b3ceb88adab236""]",,2020-02-21T16:03:45.000Z,2020-02-21T16:03:47.000Z,,,,"[""CVE-2020-9283""]","[""CWE-347""]","[""GHSA-ffhg-7mh4-33c4""]","[""Alex Gaynor""]",CVSS:3.1/AV:N/AC:L/PR:N/UI:N/S:U/C:H/I:L/A:L/E:F/RL:O/RC:R,8.6,[],,mature,,601,,,2022-06-17,https://snyk.io/org/jelenacleo/project/6105f8de-97d1-4c8b-a392-52ded40f3c89,6105f8de-97d1-4c8b-a392-52ded40f3c89,jradman12/XML-BSEP:XML/user_service/go.mod,github,gomodules,XML/user_service/go.mod
http://security.snyk.io/vuln/SNYK-JAVA-COMMONSCODEC-561518,SNYK-JAVA-COMMONSCODEC-561518,Information Exposure,vuln,commons-codec:commons-codec,1.10,low,,"[""low""]",java,maven,"[""[,1.13)""]",,,2012-03-03T17:20:25.000Z,2020-03-30T17:20:23.000Z,,,,[],"[""CWE-200""]",,"[""Hanson Char""]",CVSS:3.1/AV:N/AC:H/PR:N/UI:N/S:U/C:L/I:N/A:N,3.7,[],,no-known-exploit,,399,,,2022-06-17,https://snyk.io/org/jelenacleo/project/ae2f1457-0792-4d4f-9ab2-d49331b72c6e,ae2f1457-0792-4d4f-9ab2-d49331b72c6e,jradman12/XML-BSEP:AgentApp/pom.xml,github,maven,AgentApp/pom.xml
http://security.snyk.io/vuln/SNYK-GOLANG-GITHUBCOMSATORIGOUUID-72488,SNYK-GOLANG-GITHUBCOMSATORIGOUUID-72488,Insecure Randomness,vuln,github.com/satori/go.uuid,v1.2.0,high,,"[""high""]",golang,golang,"[""=1.2.0""]","["">=0ef6afb2f6cdd6cdaeee3885a95099c63f18fc8c <d91630c8510268e75203009fe7daf2b8e1d60c45""]",,2018-10-24T08:56:41.000Z,2018-03-23T08:57:24.000Z,,,,"[""CVE-2021-3538""]","[""CWE-338""]",,"[""josselin-c""]",CVSS:3.1/AV:N/AC:H/PR:N/UI:N/S:U/C:H/I:H/A:H,8.1,[],,no-known-exploit,,405,,,2022-06-17,https://snyk.io/org/jelenacleo/project/1ea4a486-e68f-4767-8fc2-956742085b65,1ea4a486-e68f-4767-8fc2-956742085b65,jradman12/XML-BSEP:XML/api_gateway/go.mod,github,gomodules,XML/api_gateway/go.mod
http://security.snyk.io/vuln/SNYK-GOLANG-GITHUBCOMSATORIGOUUID-72488,SNYK-GOLANG-GITHUBCOMSATORIGOUUID-72488,Insecure Randomness,vuln,github.com/satori/go.uuid,v1.2.0,high,,"[""high""]",golang,golang,"[""=1.2.0""]","["">=0ef6afb2f6cdd6cdaeee3885a95099c63f18fc8c <d91630c8510268e75203009fe7daf2b8e1d60c45""]",,2018-10-24T08:56:41.000Z,2018-03-23T08:57:24.000Z,,,,"[""CVE-2021-3538""]","[""CWE-338""]",,"[""josselin-c""]",CVSS:3.1/AV:N/AC:H/PR:N/UI:N/S:U/C:H/I:H/A:H,8.1,[],,no-known-exploit,,405,,,2022-06-17,https://snyk.io/org/jelenacleo/project/6105f8de-97d1-4c8b-a392-52ded40f3c89,6105f8de-97d1-4c8b-a392-52ded40f3c89,jradman12/XML-BSEP:XML/user_service/go.mod,github,gomodules,XML/user_service/go.mod
http://security.snyk.io/vuln/SNYK-JAVA-ORGSPRINGFRAMEWORKSECURITY-2833360,SNYK-JAVA-ORGSPRINGFRAMEWORKSECURITY-2833360,Integer Overflow or Wraparound,vuln,org.springframework.security:spring-security-crypto,5.6.2,medium,,"[""medium""]",java,maven,"[""[,5.5.7)"",""[5.6.0,5.6.4)""]",,,2022-05-18T14:15:44.974Z,2022-05-18T08:54:56.000Z,1,,,"[""CVE-2022-22976""]","[""CWE-190""]",,"[""Eyal Kaspi""]",CVSS:3.1/AV:L/AC:H/PR:H/UI:N/S:C/C:H/I:N/A:N/E:P,5.3,[],,proof-of-concept,,586,,,2022-06-17,https://snyk.io/org/jelenacleo/project/255e13f5-f71a-4094-bfd0-751db2395d04,255e13f5-f71a-4094-bfd0-751db2395d04,jradman12/XML-BSEP:PKI/pom.xml,github,maven,PKI/pom.xml
https://snyk.io/vuln/snyk:lic:maven:org.hibernate.common:hibernate-commons-annotations:LGPL-2.1,snyk:lic:maven:org.hibernate.common:hibernate-commons-annotations:LGPL-2.1,LGPL-2.1 license,license,org.hibernate.common:hibernate-commons-annotations,5.1.2.Final,medium,,"[""medium""]",java,maven,"[""[0,)""]",,,,,,,,,,,,,,,,,,,,,2022-06-17,https://snyk.io/org/jelenacleo/project/ae2f1457-0792-4d4f-9ab2-d49331b72c6e,ae2f1457-0792-4d4f-9ab2-d49331b72c6e,jradman12/XML-BSEP:AgentApp/pom.xml,github,maven,AgentApp/pom.xml
https://snyk.io/vuln/snyk:lic:maven:org.hibernate.common:hibernate-commons-annotations:LGPL-2.1,snyk:lic:maven:org.hibernate.common:hibernate-commons-annotations:LGPL-2.1,LGPL-2.1 license,license,org.hibernate.common:hibernate-commons-annotations,5.1.2.Final,medium,,"[""medium""]",java,maven,"[""[0,)""]",,,,,,,,,,,,,,,,,,,,,2022-06-17,https://snyk.io/org/jelenacleo/project/7fcbe302-7e6d-451f-a851-1b09913c3bff,7fcbe302-7e6d-451f-a851-1b09913c3bff,jradman12/XML-BSEP:PKI/bin/pom.xml,github,maven,PKI/bin/pom.xml
https://snyk.io/vuln/snyk:lic:maven:org.hibernate.common:hibernate-commons-annotations:LGPL-2.1,snyk:lic:maven:org.hibernate.common:hibernate-commons-annotations:LGPL-2.1,LGPL-2.1 license,license,org.hibernate.common:hibernate-commons-annotations,5.1.2.Final,medium,,"[""medium""]",java,maven,"[""[0,)""]",,,,,,,,,,,,,,,,,,,,,2022-06-17,https://snyk.io/org/jelenacleo/project/255e13f5-f71a-4094-bfd0-751db2395d04,255e13f5-f71a-4094-bfd0-751db2395d04,jradman12/XML-BSEP:PKI/pom.xml,github,maven,PKI/pom.xml
https://snyk.io/vuln/snyk:lic:maven:org.hibernate:hibernate-core:LGPL-2.1,snyk:lic:maven:org.hibernate:hibernate-core:LGPL-2.1,LGPL-2.1 license,license,org.hibernate:hibernate-core,5.6.9.Final,medium,,"[""medium""]",java,maven,"[""[5.3.1.Final,)""]",,,,,,,,,,,,,,,,,,,,,2022-06-17,https://snyk.io/org/jelenacleo/project/ae2f1457-0792-4d4f-9ab2-d49331b72c6e,ae2f1457-0792-4d4f-9ab2-d49331b72c6e,jradman12/XML-BSEP:AgentApp/pom.xml,github,maven,AgentApp/pom.xml
https://snyk.io/vuln/snyk:lic:maven:org.hibernate:hibernate-core:LGPL-2.1,snyk:lic:maven:org.hibernate:hibernate-core:LGPL-2.1,LGPL-2.1 license,license,org.hibernate:hibernate-core,5.6.7.Final,medium,,"[""medium""]",java,maven,"[""[5.3.1.Final,)""]",,,,,,,,,,,,,,,,,,,,,2022-06-17,https://snyk.io/org/jelenacleo/project/7fcbe302-7e6d-451f-a851-1b09913c3bff,7fcbe302-7e6d-451f-a851-1b09913c3bff,jradman12/XML-BSEP:PKI/bin/pom.xml,github,maven,PKI/bin/pom.xml
https://snyk.io/vuln/snyk:lic:maven:org.hibernate:hibernate-core:LGPL-2.1,snyk:lic:maven:org.hibernate:hibernate-core:LGPL-2.1,LGPL-2.1 license,license,org.hibernate:hibernate-core,5.6.7.Final,medium,,"[""medium""]",java,maven,"[""[5.3.1.Final,)""]",,,,,,,,,,,,,,,,,,,,,2022-06-17,https://snyk.io/org/jelenacleo/project/255e13f5-f71a-4094-bfd0-751db2395d04,255e13f5-f71a-4094-bfd0-751db2395d04,jradman12/XML-BSEP:PKI/pom.xml,github,maven,PKI/pom.xml
https://snyk.io/vuln/snyk:lic:golang:github.com:go-sql-driver:mysql:MPL-2.0,snyk:lic:golang:github.com:go-sql-driver:mysql:MPL-2.0,MPL-2.0 license,license,github.com/go-sql-driver/mysql,v1.6.0,medium,,"[""medium""]",golang,golang,"["">=v0""]",,,,,,,,,,,,,,,,,,,,,2022-06-17,https://snyk.io/org/jelenacleo/project/6105f8de-97d1-4c8b-a392-52ded40f3c89,6105f8de-97d1-4c8b-a392-52ded40f3c89,jradman12/XML-BSEP:XML/user_service/go.mod,github,gomodules,XML/user_service/go.mod
https://snyk.io/vuln/snyk:lic:golang:github.com:hashicorp:golang-lru:MPL-2.0,snyk:lic:golang:github.com:hashicorp:golang-lru:MPL-2.0,MPL-2.0 license,license,github.com/hashicorp/golang-lru,v0.5.0,medium,,"[""medium""]",golang,golang,"["">=v0""]",,,,,,,,,,,,,,,,,,,,,2022-06-17,https://snyk.io/org/jelenacleo/project/1ea4a486-e68f-4767-8fc2-956742085b65,1ea4a486-e68f-4767-8fc2-956742085b65,jradman12/XML-BSEP:XML/api_gateway/go.mod,github,gomodules,XML/api_gateway/go.mod
https://snyk.io/vuln/snyk:lic:golang:github.com:hashicorp:golang-lru:MPL-2.0,snyk:lic:golang:github.com:hashicorp:golang-lru:MPL-2.0,MPL-2.0 license,license,github.com/hashicorp/golang-lru,v0.5.0,medium,,"[""medium""]",golang,golang,"["">=v0""]",,,,,,,,,,,,,,,,,,,,,2022-06-17,https://snyk.io/org/jelenacleo/project/b30dacd0-75c4-4272-b5f8-97bb0afbfd8d,b30dacd0-75c4-4272-b5f8-97bb0afbfd8d,jradman12/XML-BSEP:XML/common/go.mod,github,gomodules,XML/common/go.mod
https://snyk.io/vuln/snyk:lic:golang:github.com:hashicorp:golang-lru:MPL-2.0,snyk:lic:golang:github.com:hashicorp:golang-lru:MPL-2.0,MPL-2.0 license,license,github.com/hashicorp/golang-lru,v0.5.0,medium,,"[""medium""]",golang,golang,"["">=v0""]",,,,,,,,,,,,,,,,,,,,,2022-06-17,https://snyk.io/org/jelenacleo/project/1db8d17c-3c6f-432b-b809-7c808caffae4,1db8d17c-3c6f-432b-b809-7c808caffae4,jradman12/XML-BSEP:XML/post_service/go.mod,github,gomodules,XML/post_service/go.mod
https://snyk.io/vuln/snyk:lic:golang:github.com:hashicorp:golang-lru:MPL-2.0,snyk:lic:golang:github.com:hashicorp:golang-lru:MPL-2.0,MPL-2.0 license,license,github.com/hashicorp/golang-lru,v0.5.0,medium,,"[""medium""]",golang,golang,"["">=v0""]",,,,,,,,,,,,,,,,,,,,,2022-06-17,https://snyk.io/org/jelenacleo/project/6105f8de-97d1-4c8b-a392-52ded40f3c89,6105f8de-97d1-4c8b-a392-52ded40f3c89,jradman12/XML-BSEP:XML/user_service/go.mod,github,gomodules,XML/user_service/go.mod
http://security.snyk.io/vuln/SNYK-GOLANG-GOLANGORGXCRYPTO-2825234,SNYK-GOLANG-GOLANGORGXCRYPTO-2825234,NULL Pointer Dereference,vuln,golang.org/x/crypto,v0.0.0-20190308221718-c2843e01d9a2,high,,"[""high""]",golang,golang,"[""<0.0.0-20201216223049-8b5274cf687f""]","[""<8b5274cf687fd9316b4108863654cc57385531e8""]",,2022-01-09T15:54:45.000Z,2022-01-09T12:57:11.000Z,,,,"[""CVE-2020-29652""]","[""CWE-476""]",,"[""Joern Schneewesiz""]",CVSS:3.1/AV:N/AC:L/PR:N/UI:N/S:U/C:N/I:N/A:H,7.5,[],,no-known-exploit,,375,,,2022-06-17,https://snyk.io/org/jelenacleo/project/1ea4a486-e68f-4767-8fc2-956742085b65,1ea4a486-e68f-4767-8fc2-956742085b65,jradman12/XML-BSEP:XML/api_gateway/go.mod,github,gomodules,XML/api_gateway/go.mod
http://security.snyk.io/vuln/SNYK-GOLANG-GOLANGORGXCRYPTO-2825234,SNYK-GOLANG-GOLANGORGXCRYPTO-2825234,NULL Pointer Dereference,vuln,golang.org/x/crypto,v0.0.0-20190308221718-c2843e01d9a2,high,,"[""high""]",golang,golang,"[""<0.0.0-20201216223049-8b5274cf687f""]","[""<8b5274cf687fd9316b4108863654cc57385531e8""]",,2022-01-09T15:54:45.000Z,2022-01-09T12:57:11.000Z,,,,"[""CVE-2020-29652""]","[""CWE-476""]",,"[""Joern Schneewesiz""]",CVSS:3.1/AV:N/AC:L/PR:N/UI:N/S:U/C:N/I:N/A:H,7.5,[],,no-known-exploit,,375,,,2022-06-17,https://snyk.io/org/jelenacleo/project/b30dacd0-75c4-4272-b5f8-97bb0afbfd8d,b30dacd0-75c4-4272-b5f8-97bb0afbfd8d,jradman12/XML-BSEP:XML/common/go.mod,github,gomodules,XML/common/go.mod
http://security.snyk.io/vuln/SNYK-GOLANG-GOLANGORGXCRYPTO-2825234,SNYK-GOLANG-GOLANGORGXCRYPTO-2825234,NULL Pointer Dereference,vuln,golang.org/x/crypto,v0.0.0-20190308221718-c2843e01d9a2,high,,"[""high""]",golang,golang,"[""<0.0.0-20201216223049-8b5274cf687f""]","[""<8b5274cf687fd9316b4108863654cc57385531e8""]",,2022-01-09T15:54:45.000Z,2022-01-09T12:57:11.000Z,,,,"[""CVE-2020-29652""]","[""CWE-476""]",,"[""Joern Schneewesiz""]",CVSS:3.1/AV:N/AC:L/PR:N/UI:N/S:U/C:N/I:N/A:H,7.5,[],,no-known-exploit,,375,,,2022-06-17,https://snyk.io/org/jelenacleo/project/1db8d17c-3c6f-432b-b809-7c808caffae4,1db8d17c-3c6f-432b-b809-7c808caffae4,jradman12/XML-BSEP:XML/post_service/go.mod,github,gomodules,XML/post_service/go.mod
http://security.snyk.io/vuln/SNYK-GOLANG-GOLANGORGXCRYPTO-2825234,SNYK-GOLANG-GOLANGORGXCRYPTO-2825234,NULL Pointer Dereference,vuln,golang.org/x/crypto,v0.0.0-20190308221718-c2843e01d9a2,high,,"[""high""]",golang,golang,"[""<0.0.0-20201216223049-8b5274cf687f""]","[""<8b5274cf687fd9316b4108863654cc57385531e8""]",,2022-01-09T15:54:45.000Z,2022-01-09T12:57:11.000Z,,,,"[""CVE-2020-29652""]","[""CWE-476""]",,"[""Joern Schneewesiz""]",CVSS:3.1/AV:N/AC:L/PR:N/UI:N/S:U/C:N/I:N/A:H,7.5,[],,no-known-exploit,,375,,,2022-06-17,https://snyk.io/org/jelenacleo/project/6105f8de-97d1-4c8b-a392-52ded40f3c89,6105f8de-97d1-4c8b-a392-52ded40f3c89,jradman12/XML-BSEP:XML/user_service/go.mod,github,gomodules,XML/user_service/go.mod
http://security.snyk.io/vuln/SNYK-GOLANG-GOLANGORGXCRYPTOSSH-2331920,SNYK-GOLANG-GOLANGORGXCRYPTOSSH-2331920,NULL Pointer Dereference,vuln,golang.org/x/crypto,v0.0.0-20190308221718-c2843e01d9a2,high,,"[""high""]",golang,golang,"[""<0.0.0-20201216223049-8b5274cf687f""]","[""<8b5274cf687fd9316b4108863654cc57385531e8""]",,2022-01-09T15:54:45.000Z,2022-01-09T12:57:11.000Z,,,,"[""CVE-2020-29652""]","[""CWE-476""]",,"[""Joern Schneewesiz""]",CVSS:3.1/AV:N/AC:L/PR:N/UI:N/S:U/C:N/I:N/A:H,7.5,[],,no-known-exploit,,375,,,2022-06-17,https://snyk.io/org/jelenacleo/project/1ea4a486-e68f-4767-8fc2-956742085b65,1ea4a486-e68f-4767-8fc2-956742085b65,jradman12/XML-BSEP:XML/api_gateway/go.mod,github,gomodules,XML/api_gateway/go.mod
http://security.snyk.io/vuln/SNYK-GOLANG-GOLANGORGXCRYPTOSSH-2331920,SNYK-GOLANG-GOLANGORGXCRYPTOSSH-2331920,NULL Pointer Dereference,vuln,golang.org/x/crypto,v0.0.0-20190308221718-c2843e01d9a2,high,,"[""high""]",golang,golang,"[""<0.0.0-20201216223049-8b5274cf687f""]","[""<8b5274cf687fd9316b4108863654cc57385531e8""]",,2022-01-09T15:54:45.000Z,2022-01-09T12:57:11.000Z,,,,"[""CVE-2020-29652""]","[""CWE-476""]",,"[""Joern Schneewesiz""]",CVSS:3.1/AV:N/AC:L/PR:N/UI:N/S:U/C:N/I:N/A:H,7.5,[],,no-known-exploit,,375,,,2022-06-17,https://snyk.io/org/jelenacleo/project/b30dacd0-75c4-4272-b5f8-97bb0afbfd8d,b30dacd0-75c4-4272-b5f8-97bb0afbfd8d,jradman12/XML-BSEP:XML/common/go.mod,github,gomodules,XML/common/go.mod
http://security.snyk.io/vuln/SNYK-GOLANG-GOLANGORGXCRYPTOSSH-2331920,SNYK-GOLANG-GOLANGORGXCRYPTOSSH-2331920,NULL Pointer Dereference,vuln,golang.org/x/crypto,v0.0.0-20190308221718-c2843e01d9a2,high,,"[""high""]",golang,golang,"[""<0.0.0-20201216223049-8b5274cf687f""]","[""<8b5274cf687fd9316b4108863654cc57385531e8""]",,2022-01-09T15:54:45.000Z,2022-01-09T12:57:11.000Z,,,,"[""CVE-2020-29652""]","[""CWE-476""]",,"[""Joern Schneewesiz""]",CVSS:3.1/AV:N/AC:L/PR:N/UI:N/S:U/C:N/I:N/A:H,7.5,[],,no-known-exploit,,375,,,2022-06-17,https://snyk.io/org/jelenacleo/project/1db8d17c-3c6f-432b-b809-7c808caffae4,1db8d17c-3c6f-432b-b809-7c808caffae4,jradman12/XML-BSEP:XML/post_service/go.mod,github,gomodules,XML/post_service/go.mod
http://security.snyk.io/vuln/SNYK-GOLANG-GOLANGORGXCRYPTOSSH-2331920,SNYK-GOLANG-GOLANGORGXCRYPTOSSH-2331920,NULL Pointer Dereference,vuln,golang.org/x/crypto,v0.0.0-20190308221718-c2843e01d9a2,high,,"[""high""]",golang,golang,"[""<0.0.0-20201216223049-8b5274cf687f""]","[""<8b5274cf687fd9316b4108863654cc57385531e8""]",,2022-01-09T15:54:45.000Z,2022-01-09T12:57:11.000Z,,,,"[""CVE-2020-29652""]","[""CWE-476""]",,"[""Joern Schneewesiz""]",CVSS:3.1/AV:N/AC:L/PR:N/UI:N/S:U/C:N/I:N/A:H,7.5,[],,no-known-exploit,,375,,,2022-06-17,https://snyk.io/org/jelenacleo/project/6105f8de-97d1-4c8b-a392-52ded40f3c89,6105f8de-97d1-4c8b-a392-52ded40f3c89,jradman12/XML-BSEP:XML/user_service/go.mod,github,gomodules,XML/user_service/go.mod
http://security.snyk.io/vuln/SNYK-GOLANG-GOLANGORGXTEXTINTERNALLANGUAGE-2400718,SNYK-GOLANG-GOLANGORGXTEXTINTERNALLANGUAGE-2400718,Out-of-bounds Read,vuln,golang.org/x/text,v0.0.0-20170915032832-14c0d48ead0c,medium,,"[""medium""]",golang,golang,"[""<0.3.7""]","[""<v0.3.7""]",,2022-02-14T16:21:52.494Z,2022-02-14T09:44:11.000Z,,,,"[""CVE-2021-38561""]","[""CWE-125""]",,"[""narroyog""]",CVSS:3.1/AV:N/AC:L/PR:N/UI:R/S:C/C:L/I:L/A:N,6.1,[],,no-known-exploit,,305,,,2022-06-17,https://snyk.io/org/jelenacleo/project/1ea4a486-e68f-4767-8fc2-956742085b65,1ea4a486-e68f-4767-8fc2-956742085b65,jradman12/XML-BSEP:XML/api_gateway/go.mod,github,gomodules,XML/api_gateway/go.mod
http://security.snyk.io/vuln/SNYK-GOLANG-GOLANGORGXTEXTINTERNALLANGUAGE-2400718,SNYK-GOLANG-GOLANGORGXTEXTINTERNALLANGUAGE-2400718,Out-of-bounds Read,vuln,golang.org/x/text,v0.0.0-20170915032832-14c0d48ead0c,medium,,"[""medium""]",golang,golang,"[""<0.3.7""]","[""<v0.3.7""]",,2022-02-14T16:21:52.494Z,2022-02-14T09:44:11.000Z,,,,"[""CVE-2021-38561""]","[""CWE-125""]",,"[""narroyog""]",CVSS:3.1/AV:N/AC:L/PR:N/UI:R/S:C/C:L/I:L/A:N,6.1,[],,no-known-exploit,,305,,,2022-06-17,https://snyk.io/org/jelenacleo/project/b30dacd0-75c4-4272-b5f8-97bb0afbfd8d,b30dacd0-75c4-4272-b5f8-97bb0afbfd8d,jradman12/XML-BSEP:XML/common/go.mod,github,gomodules,XML/common/go.mod
http://security.snyk.io/vuln/SNYK-GOLANG-GOLANGORGXTEXTINTERNALLANGUAGE-2400718,SNYK-GOLANG-GOLANGORGXTEXTINTERNALLANGUAGE-2400718,Out-of-bounds Read,vuln,golang.org/x/text,v0.0.0-20170915032832-14c0d48ead0c,medium,,"[""medium""]",golang,golang,"[""<0.3.7""]","[""<v0.3.7""]",,2022-02-14T16:21:52.494Z,2022-02-14T09:44:11.000Z,,,,"[""CVE-2021-38561""]","[""CWE-125""]",,"[""narroyog""]",CVSS:3.1/AV:N/AC:L/PR:N/UI:R/S:C/C:L/I:L/A:N,6.1,[],,no-known-exploit,,305,,,2022-06-17,https://snyk.io/org/jelenacleo/project/1db8d17c-3c6f-432b-b809-7c808caffae4,1db8d17c-3c6f-432b-b809-7c808caffae4,jradman12/XML-BSEP:XML/post_service/go.mod,github,gomodules,XML/post_service/go.mod
http://security.snyk.io/vuln/SNYK-GOLANG-GOLANGORGXTEXTINTERNALLANGUAGE-2400718,SNYK-GOLANG-GOLANGORGXTEXTINTERNALLANGUAGE-2400718,Out-of-bounds Read,vuln,golang.org/x/text,v0.0.0-20170915032832-14c0d48ead0c,medium,,"[""medium""]",golang,golang,"[""<0.3.7""]","[""<v0.3.7""]",,2022-02-14T16:21:52.494Z,2022-02-14T09:44:11.000Z,,,,"[""CVE-2021-38561""]","[""CWE-125""]",,"[""narroyog""]",CVSS:3.1/AV:N/AC:L/PR:N/UI:R/S:C/C:L/I:L/A:N,6.1,[],,no-known-exploit,,305,,,2022-06-17,https://snyk.io/org/jelenacleo/project/6105f8de-97d1-4c8b-a392-52ded40f3c89,6105f8de-97d1-4c8b-a392-52ded40f3c89,jradman12/XML-BSEP:XML/user_service/go.mod,github,gomodules,XML/user_service/go.mod
http://security.snyk.io/vuln/SNYK-JAVA-ORGBOUNCYCASTLE-1296075,SNYK-JAVA-ORGBOUNCYCASTLE-1296075,Timing Attack,vuln,org.bouncycastle:bcprov-jdk15on,1.64,medium,,"[""medium""]",java,maven,"[""[,1.66)""]",,,2021-05-20T17:22:54.000Z,2021-05-20T17:12:05.000Z,1,,,"[""CVE-2020-15522""]","[""CWE-208""]",,"[""Unknown""]",CVSS:3.1/AV:N/AC:L/PR:N/UI:N/S:U/C:L/I:N/A:N,5.3,[],,no-known-exploit,,479,,,2022-06-17,https://snyk.io/org/jelenacleo/project/255e13f5-f71a-4094-bfd0-751db2395d04,255e13f5-f71a-4094-bfd0-751db2395d04,jradman12/XML-BSEP:PKI/pom.xml,github,maven,PKI/pom.xml
